venue,native_trade_id,agg_trade_id,symbol,side,price,quantity,traded_at
kraken,105347813,,XBTUSD,sell,68581.40000,0.00032331,2026-08-19T16:11:28.673748+00:00
kraken,105347814,,XBTUSD,sell,68581.30000,0.01304795,2026-08-19T16:11:28.673748+00:00
kraken,105347815,,XBTUSD,sell,68581.30000,0.01337126,2026-08-19T16:11:28.673748+00:00
kraken,105347816,,XBTUSD,sell,68581.30000,0.01337126,2026-08-19T16:11:28.673748+00:00
kraken,105347817,,XBTUSD,sell,68581.30000,0.01337122,2026-08-19T16:11:28.673748+00:00
kraken,105347818,,XBTUSD,buy,68585.10000,0.00044290,2026-08-19T16:11:29.247678+00:00
kraken,105347819,,XBTUSD,sell,68585.00000,0.00005978,2026-08-19T16:11:29.410435+00:00
kraken,105347820,,XBTUSD,buy,68585.10000,0.00521295,2026-08-19T16:11:31.269341+00:00
kraken,105347821,,XBTUSD,buy,68585.10000,0.00005767,2026-08-19T16:11:31.769962+00:00
kraken,105347822,,XBTUSD,buy,68585.10000,0.02411682,2026-08-19T16:11:32.502224+00:00
kraken,105347823,,XBTUSD,buy,68585.10000,0.06512560,2026-08-19T16:11:33.127857+00:00
kraken,105347824,,XBTUSD,buy,68585.10000,0.00347517,2026-08-19T16:11:33.129162+00:00
kraken,105347825,,XBTUSD,buy,68585.10000,0.01274225,2026-08-19T16:11:33.129219+00:00
kraken,105347826,,XBTUSD,buy,68585.10000,0.00463355,2026-08-19T16:11:33.151529+00:00
kraken,105347827,,XBTUSD,buy,68585.10000,0.22560381,2026-08-19T16:11:33.152324+00:00
kraken,105347828,,XBTUSD,buy,68585.10000,0.00100000,2026-08-19T16:11:33.152324+00:00
kraken,105347829,,XBTUSD,buy,68585.10000,0.27008058,2026-08-19T16:11:33.152324+00:00
kraken,105347830,,XBTUSD,buy,68585.10000,0.12991942,2026-08-19T16:11:33.199712+00:00
kraken,105347831,,XBTUSD,buy,68585.10000,0.00072903,2026-08-19T16:11:33.199712+00:00
kraken,105347832,,XBTUSD,buy,68585.10000,0.00010000,2026-08-19T16:11:33.199712+00:00
kraken,105347833,,XBTUSD,buy,68585.10000,0.00100000,2026-08-19T16:11:33.199712+00:00
kraken,105347834,,XBTUSD,buy,68585.50000,0.06777687,2026-08-19T16:11:33.213173+00:00
kraken,105347835,,XBTUSD,buy,68585.70000,0.00005100,2026-08-19T16:11:33.213173+00:00
kraken,105347836,,XBTUSD,buy,68598.70000,0.10000000,2026-08-19T16:11:33.720682+00:00
kraken,105347837,,XBTUSD,buy,68598.70000,0.00072888,2026-08-19T16:11:33.720682+00:00
kraken,105347838,,XBTUSD,buy,68600.00000,0.00029106,2026-08-19T16:11:33.736491+00:00
kraken,105347839,,XBTUSD,buy,68605.40000,0.00072887,2026-08-19T16:11:34.039885+00:00
kraken,105347840,,XBTUSD,sell,68612.00000,0.06960000,2026-08-19T16:11:34.066461+00:00
kraken,105347841,,XBTUSD,sell,68612.00000,0.19396063,2026-08-19T16:11:34.066461+00:00
kraken,105347842,,XBTUSD,buy,68612.10000,0.00145700,2026-08-19T16:11:34.235964+00:00
kraken,105347843,,XBTUSD,buy,68612.10000,0.00072881,2026-08-19T16:11:34.235964+00:00
kraken,105347844,,XBTUSD,buy,68613.40000,0.00012200,2026-08-19T16:11:34.346933+00:00
kraken,105347845,,XBTUSD,sell,68627.60000,0.00072857,2026-08-19T16:11:41.121218+00:00
kraken,105347846,,XBTUSD,sell,68627.60000,0.00100000,2026-08-19T16:11:41.121218+00:00
kraken,105347847,,XBTUSD,sell,68627.00000,0.00286809,2026-08-19T16:11:41.140533+00:00
kraken,105347848,,XBTUSD,sell,68609.90000,0.00072876,2026-08-19T16:11:42.715036+00:00
kraken,105347849,,XBTUSD,sell,68606.40000,0.00005100,2026-08-19T16:11:42.715036+00:00
kraken,105347850,,XBTUSD,sell,68605.60000,0.00232105,2026-08-19T16:11:42.715036+00:00
kraken,105347851,,XBTUSD,sell,68603.00000,0.00005100,2026-08-19T16:11:42.715036+00:00
kraken,105347852,,XBTUSD,sell,68600.70000,0.00041900,2026-08-19T16:11:42.715036+00:00
kraken,105347853,,XBTUSD,sell,68597.20000,0.00027089,2026-08-19T16:11:42.715036+00:00
kraken,105347854,,XBTUSD,buy,68597.30000,0.38634198,2026-08-19T16:11:42.948905+00:00
kraken,105347855,,XBTUSD,buy,68597.30000,0.35136570,2026-08-19T16:11:42.948905+00:00
kraken,105347856,,XBTUSD,sell,68597.20000,0.00005000,2026-08-19T16:11:48.784879+00:00
kraken,105347857,,XBTUSD,buy,68597.30000,0.01500000,2026-08-19T16:11:52.915492+00:00
kraken,105347858,,XBTUSD,buy,68597.30000,0.00100000,2026-08-19T16:11:52.915492+00:00
kraken,105347859,,XBTUSD,buy,68597.30000,0.00072890,2026-08-19T16:11:52.915492+00:00
kraken,105347860,,XBTUSD,buy,68597.30000,0.00010000,2026-08-19T16:11:52.915492+00:00
kraken,105347861,,XBTUSD,buy,68597.30000,0.00100000,2026-08-19T16:11:52.915492+00:00
kraken,105347862,,XBTUSD,buy,68597.30000,0.01688630,2026-08-19T16:11:52.915492+00:00
kraken,105347863,,XBTUSD,buy,68597.30000,0.00372748,2026-08-19T16:11:53.416360+00:00
kraken,105347864,,XBTUSD,buy,68597.30000,0.00853757,2026-08-19T16:11:53.990606+00:00
kraken,105347865,,XBTUSD,sell,68597.20000,0.00067890,2026-08-19T16:11:58.431303+00:00
kraken,105347866,,XBTUSD,sell,68597.20000,0.02200000,2026-08-19T16:11:58.431303+00:00
kraken,105347867,,XBTUSD,sell,68597.20000,0.00543589,2026-08-19T16:11:58.431303+00:00
kraken,105347868,,XBTUSD,sell,68597.20000,0.00787652,2026-08-19T16:11:59.507973+00:00
kraken,105347869,,XBTUSD,buy,68597.30000,0.00011408,2026-08-19T16:12:02.086151+00:00
kraken,105347870,,XBTUSD,buy,68597.30000,0.00061482,2026-08-19T16:12:02.960461+00:00
kraken,105347871,,XBTUSD,buy,68597.30000,0.00100000,2026-08-19T16:12:02.960461+00:00
kraken,105347872,,XBTUSD,buy,68597.30000,0.00010000,2026-08-19T16:12:02.960461+00:00
kraken,105347873,,XBTUSD,buy,68597.30000,0.00571935,2026-08-19T16:12:02.960461+00:00
kraken,105347874,,XBTUSD,buy,68597.30000,0.07800000,2026-08-19T16:12:02.960461+00:00
kraken,105347875,,XBTUSD,buy,68597.30000,0.04725041,2026-08-19T16:12:02.960461+00:00
kraken,105347876,,XBTUSD,buy,68597.30000,0.03333040,2026-08-19T16:12:02.960461+00:00
kraken,105347877,,XBTUSD,buy,68597.30000,0.14573727,2026-08-19T16:12:02.960461+00:00
kraken,105347878,,XBTUSD,sell,68597.20000,0.00015229,2026-08-19T16:12:07.121143+00:00
kraken,105347879,,XBTUSD,buy,68597.30000,0.00009688,2026-08-19T16:12:08.642437+00:00
kraken,105347880,,XBTUSD,buy,68597.30000,0.00589889,2026-08-19T16:12:10.486627+00:00
kraken,105347881,,XBTUSD,buy,68597.30000,0.00040818,2026-08-19T16:12:10.787919+00:00
kraken,105347882,,XBTUSD,sell,68597.20000,0.00054600,2026-08-19T16:12:12.372513+00:00
kraken,105347883,,XBTUSD,sell,68597.20000,0.02748930,2026-08-19T16:12:15.249037+00:00
kraken,105347884,,XBTUSD,sell,68597.20000,0.00100000,2026-08-19T16:12:15.249037+00:00
kraken,105347885,,XBTUSD,sell,68597.20000,0.00072890,2026-08-19T16:12:15.249037+00:00
kraken,105347886,,XBTUSD,sell,68597.20000,0.01786093,2026-08-19T16:12:15.249037+00:00
kraken,105347887,,XBTUSD,sell,68596.50000,0.00145700,2026-08-19T16:12:15.249037+00:00
kraken,105347888,,XBTUSD,sell,68581.00000,0.00145800,2026-08-19T16:12:15.372034+00:00
kraken,105347889,,XBTUSD,buy,68576.80000,0.01144062,2026-08-19T16:12:22.942540+00:00
kraken,105347890,,XBTUSD,buy,68576.80000,0.07290000,2026-08-19T16:12:22.942540+00:00
kraken,105347891,,XBTUSD,buy,68576.80000,0.72910955,2026-08-19T16:12:22.942540+00:00
kraken,105347892,,XBTUSD,buy,68576.80000,0.00630052,2026-08-19T16:12:22.942540+00:00
kraken,105347893,,XBTUSD,buy,68576.80000,0.00072911,2026-08-19T16:12:22.942540+00:00
kraken,105347894,,XBTUSD,buy,68576.80000,0.00100000,2026-08-19T16:12:22.942540+00:00
kraken,105347895,,XBTUSD,buy,68576.80000,0.00029700,2026-08-19T16:12:22.942540+00:00
kraken,105347896,,XBTUSD,buy,68576.80000,0.00016300,2026-08-19T16:12:22.942540+00:00
kraken,105347897,,XBTUSD,buy,68576.80000,0.00100000,2026-08-19T16:12:22.942540+00:00
kraken,105347898,,XBTUSD,buy,68576.80000,0.00010000,2026-08-19T16:12:22.942540+00:00
kraken,105347899,,XBTUSD,buy,68576.80000,0.07800000,2026-08-19T16:12:22.942540+00:00
kraken,105347900,,XBTUSD,buy,68576.80000,0.04989237,2026-08-19T16:12:22.942540+00:00
kraken,105347901,,XBTUSD,buy,68576.80000,0.21581086,2026-08-19T16:12:22.942540+00:00
kraken,105347902,,XBTUSD,sell,68576.70000,0.00018200,2026-08-19T16:12:24.790267+00:00
kraken,105347903,,XBTUSD,sell,68576.70000,0.00181800,2026-08-19T16:12:27.990554+00:00
kraken,105347904,,XBTUSD,sell,68576.70000,0.00072911,2026-08-19T16:12:27.990554+00:00
kraken,105347905,,XBTUSD,sell,68576.70000,0.00100000,2026-08-19T16:12:27.990554+00:00
kraken,105347906,,XBTUSD,sell,68575.50000,0.00005100,2026-08-19T16:12:27.990554+00:00
kraken,105347907,,XBTUSD,sell,68572.80000,0.01076266,2026-08-19T16:12:27.990554+00:00
kraken,105347908,,XBTUSD,buy,68572.90000,0.00030619,2026-08-19T16:12:28.629246+00:00
kraken,105347909,,XBTUSD,sell,68572.80000,0.00072916,2026-08-19T16:12:29.410569+00:00
kraken,105347910,,XBTUSD,sell,68572.10000,0.07800000,2026-08-19T16:12:29.472551+00:00
kraken,105347911,,XBTUSD,buy,68565.50000,0.00437467,2026-08-19T16:12:30.122630+00:00
kraken,105347912,,XBTUSD,sell,68565.40000,0.00145800,2026-08-19T16:12:37.529445+00:00
kraken,105347913,,XBTUSD,sell,68565.40000,0.00072900,2026-08-19T16:12:37.529445+00:00
kraken,105347914,,XBTUSD,sell,68565.40000,0.00000023,2026-08-19T16:12:39.322489+00:00
kraken,105347915,,XBTUSD,sell,68565.40000,0.05980000,2026-08-19T16:12:39.322489+00:00
kraken,105347916,,XBTUSD,sell,68565.20000,0.00005100,2026-08-19T16:12:39.322489+00:00
kraken,105347917,,XBTUSD,buy,68552.10000,0.06113804,2026-08-19T16:12:39.340536+00:00
kraken,105347918,,XBTUSD,buy,68550.10000,0.01144325,2026-08-19T16:12:39.432020+00:00
kraken,105347919,,XBTUSD,buy,68550.10000,0.38259565,2026-08-19T16:12:39.432020+00:00
kraken,105347920,,XBTUSD,buy,68553.90000,0.25186577,2026-08-19T16:12:39.432020+00:00
kraken,105347921,,XBTUSD,buy,68553.90000,0.11868050,2026-08-19T16:12:39.432186+00:00
kraken,105347922,,XBTUSD,buy,68550.10000,0.01144325,2026-08-19T16:12:39.437536+00:00
kraken,105347923,,XBTUSD,buy,68550.10000,0.38259565,2026-08-19T16:12:39.437536+00:00
kraken,105347924,,XBTUSD,buy,68550.10000,0.28084360,2026-08-19T16:12:39.437536+00:00
kraken,105347925,,XBTUSD,buy,68550.10000,0.16830797,2026-08-19T16:12:39.438930+00:00
kraken,105347926,,XBTUSD,buy,68550.10000,0.01144325,2026-08-19T16:12:39.539604+00:00
kraken,105347927,,XBTUSD,buy,68550.10000,0.04989237,2026-08-19T16:12:39.539604+00:00
kraken,105347928,,XBTUSD,buy,68550.10000,0.30820992,2026-08-19T16:12:39.539604+00:00
kraken,105347929,,XBTUSD,buy,68555.30000,0.10153157,2026-08-19T16:12:39.539935+00:00
kraken,105347930,,XBTUSD,sell,68550.00000,0.00145878,2026-08-19T16:12:39.912382+00:00
kraken,105347931,,XBTUSD,sell,68550.00000,0.00072940,2026-08-19T16:12:39.912382+00:00
kraken,105347932,,XBTUSD,sell,68549.80000,0.00145800,2026-08-19T16:12:39.912382+00:00
kraken,105347933,,XBTUSD,sell,68548.10000,0.00005100,2026-08-19T16:12:39.912382+00:00
kraken,105347934,,XBTUSD,sell,68547.10000,0.00000209,2026-08-19T16:12:39.912382+00:00
kraken,105347935,,XBTUSD,sell,68547.10000,0.46206491,2026-08-19T16:12:40.221577+00:00
kraken,105347936,,XBTUSD,sell,68547.10000,0.04750000,2026-08-19T16:12:40.221577+00:00
kraken,105347937,,XBTUSD,sell,68547.10000,0.00072943,2026-08-19T16:12:40.221577+00:00
kraken,105347938,,XBTUSD,sell,68547.10000,0.00072943,2026-08-19T16:12:40.221577+00:00
kraken,105347939,,XBTUSD,sell,68547.00000,0.08441250,2026-08-19T16:12:40.221577+00:00
kraken,105347940,,XBTUSD,buy,68547.10000,0.00100000,2026-08-19T16:12:42.197550+00:00
kraken,105347941,,XBTUSD,buy,68547.10000,0.00072943,2026-08-19T16:12:42.197550+00:00
kraken,105347942,,XBTUSD,buy,68547.10000,0.00010000,2026-08-19T16:12:42.197550+00:00
kraken,105347943,,XBTUSD,buy,68547.10000,0.00100000,2026-08-19T16:12:42.197550+00:00
kraken,105347944,,XBTUSD,buy,68547.10000,0.03288908,2026-08-19T16:12:42.197550+00:00
kraken,105347945,,XBTUSD,sell,68549.30000,0.01460000,2026-08-19T16:12:42.818029+00:00
kraken,105347946,,XBTUSD,sell,68549.30000,0.00047535,2026-08-19T16:12:42.818029+00:00
kraken,105347947,,XBTUSD,sell,68549.30000,0.00022487,2026-08-19T16:12:44.235005+00:00
kraken,105347948,,XBTUSD,buy,68549.40000,0.00071493,2026-08-19T16:12:46.613228+00:00
kraken,105347949,,XBTUSD,buy,68549.40000,0.00001448,2026-08-19T16:12:49.673857+00:00
kraken,105347950,,XBTUSD,buy,68549.40000,0.00010000,2026-08-19T16:12:49.673857+00:00
kraken,105347951,,XBTUSD,buy,68549.40000,0.00100000,2026-08-19T16:12:49.673857+00:00
kraken,105347952,,XBTUSD,buy,68549.40000,0.01504091,2026-08-19T16:12:49.673857+00:00
kraken,105347953,,XBTUSD,sell,68551.40000,0.00580000,2026-08-19T16:12:50.343530+00:00
kraken,105347954,,XBTUSD,sell,68551.40000,0.00148942,2026-08-19T16:12:50.343530+00:00
kraken,105347955,,XBTUSD,sell,68551.40000,0.00015200,2026-08-19T16:12:52.060972+00:00
kraken,105347956,,XBTUSD,sell,68551.40000,0.00072938,2026-08-19T16:12:52.961059+00:00
kraken,105347957,,XBTUSD,sell,68551.40000,0.00100000,2026-08-19T16:12:52.961059+00:00
kraken,105347958,,XBTUSD,sell,68551.40000,0.04340000,2026-08-19T16:12:52.961059+00:00
kraken,105347959,,XBTUSD,sell,68540.70000,0.00047100,2026-08-19T16:12:53.572504+00:00
kraken,105347960,,XBTUSD,sell,68540.70000,0.00072950,2026-08-19T16:12:53.572504+00:00
kraken,105347961,,XBTUSD,sell,68540.00000,0.00072950,2026-08-19T16:12:53.580278+00:00
kraken,105347962,,XBTUSD,sell,68537.80000,0.00005100,2026-08-19T16:12:53.580278+00:00
kraken,105347963,,XBTUSD,sell,68534.40000,0.00868766,2026-08-19T16:12:53.580278+00:00
kraken,105347964,,XBTUSD,sell,68534.30000,0.00005100,2026-08-19T16:12:53.580278+00:00
kraken,105347965,,XBTUSD,sell,68534.20000,0.00145900,2026-08-19T16:12:53.580278+00:00
kraken,105347966,,XBTUSD,sell,68526.40000,0.00014592,2026-08-19T16:12:53.871584+00:00
kraken,105347967,,XBTUSD,sell,68526.40000,0.00000808,2026-08-19T16:12:53.871584+00:00
kraken,105347968,,XBTUSD,buy,68526.50000,0.00460092,2026-08-19T16:12:54.465775+00:00
kraken,105347969,,XBTUSD,sell,68526.40000,0.00044426,2026-08-19T16:12:54.905696+00:00
kraken,105347970,,XBTUSD,sell,68526.40000,0.00027731,2026-08-19T16:12:55.086302+00:00
kraken,105347971,,XBTUSD,sell,68526.40000,0.00260181,2026-08-19T16:12:55.086302+00:00
kraken,105347972,,XBTUSD,sell,68526.40000,0.01239819,2026-08-19T16:12:55.115001+00:00
kraken,105347973,,XBTUSD,sell,68526.40000,0.02180000,2026-08-19T16:12:55.115001+00:00
kraken,105347974,,XBTUSD,sell,68526.40000,0.40000000,2026-08-19T16:12:55.115001+00:00
kraken,105347975,,XBTUSD,sell,68525.10000,0.00094563,2026-08-19T16:12:55.115001+00:00
kraken,105347976,,XBTUSD,sell,68524.00000,0.00005100,2026-08-19T16:12:55.115001+00:00
kraken,105347977,,XBTUSD,sell,68522.00000,0.13062295,2026-08-19T16:12:55.115001+00:00
kraken,105347978,,XBTUSD,sell,68521.20000,0.00410023,2026-08-19T16:12:55.115001+00:00
kraken,105347979,,XBTUSD,sell,68520.60000,0.00005100,2026-08-19T16:12:55.115001+00:00
kraken,105347980,,XBTUSD,sell,68518.60000,0.00145900,2026-08-19T16:12:55.115001+00:00
kraken,105347981,,XBTUSD,sell,68517.20000,0.00005100,2026-08-19T16:12:55.115001+00:00
kraken,105347982,,XBTUSD,sell,68516.70000,0.42852100,2026-08-19T16:12:55.115001+00:00
kraken,105347983,,XBTUSD,buy,68526.10000,0.01144591,2026-08-19T16:12:56.777739+00:00
kraken,105347984,,XBTUSD,buy,68526.10000,0.05552287,2026-08-19T16:12:56.777739+00:00
kraken,105347985,,XBTUSD,sell,68526.00000,0.00036586,2026-08-19T16:12:58.347951+00:00
kraken,105347986,,XBTUSD,buy,68526.10000,0.00068803,2026-08-19T16:12:58.480292+00:00
kraken,105347987,,XBTUSD,sell,68526.00000,0.00036379,2026-08-19T16:12:58.755372+00:00
kraken,105347988,,XBTUSD,sell,68526.00000,0.12465845,2026-08-19T16:12:58.755372+00:00
kraken,105347989,,XBTUSD,buy,68526.10000,0.00004162,2026-08-19T16:13:00.305665+00:00
kraken,105347990,,XBTUSD,buy,68526.10000,0.00031858,2026-08-19T16:13:00.305665+00:00
kraken,105347991,,XBTUSD,buy,68526.10000,0.00068142,2026-08-19T16:13:01.682612+00:00
kraken,105347992,,XBTUSD,buy,68526.10000,0.00010000,2026-08-19T16:13:01.682612+00:00
kraken,105347993,,XBTUSD,buy,68526.10000,0.00100000,2026-08-19T16:13:01.682612+00:00
kraken,105347994,,XBTUSD,buy,68526.10000,0.00072965,2026-08-19T16:13:01.682612+00:00
kraken,105347995,,XBTUSD,buy,68527.40000,0.00005100,2026-08-19T16:13:01.682612+00:00
kraken,105347996,,XBTUSD,buy,68530.80000,0.00005100,2026-08-19T16:13:01.682612+00:00
kraken,105347997,,XBTUSD,buy,68532.20000,0.00464465,2026-08-19T16:13:01.682612+00:00
kraken,105347998,,XBTUSD,buy,68532.20000,0.07679536,2026-08-19T16:13:02.953180+00:00
kraken,105347999,,XBTUSD,buy,68532.20000,0.00072959,2026-08-19T16:13:02.953180+00:00
kraken,105348000,,XBTUSD,buy,68532.20000,0.03884515,2026-08-19T16:13:02.953180+00:00
kraken,105348001,,XBTUSD,buy,68532.20000,0.07800000,2026-08-19T16:13:02.953180+00:00
kraken,105348002,,XBTUSD,buy,68532.20000,0.00572261,2026-08-19T16:13:02.953180+00:00
kraken,105348003,,XBTUSD,buy,68532.20000,0.28069900,2026-08-19T16:13:02.953180+00:00
kraken,105348004,,XBTUSD,buy,68532.20000,0.72958404,2026-08-19T16:13:02.953180+00:00
kraken,105348005,,XBTUSD,buy,68532.20000,0.00729508,2026-08-19T16:13:02.953180+00:00
kraken,105348006,,XBTUSD,buy,68532.20000,0.04993110,2026-08-19T16:13:02.953180+00:00
kraken,105348007,,XBTUSD,buy,68534.20000,0.00145900,2026-08-19T16:13:02.953180+00:00
kraken,105348008,,XBTUSD,buy,68534.40000,0.20475886,2026-08-19T16:13:02.953180+00:00
kraken,105348009,,XBTUSD,sell,68532.10000,0.02780000,2026-08-19T16:13:07.442200+00:00
kraken,105348010,,XBTUSD,sell,68532.10000,0.00072959,2026-08-19T16:13:07.442200+00:00
kraken,105348011,,XBTUSD,sell,68532.10000,0.00100000,2026-08-19T16:13:07.442200+00:00
kraken,105348012,,XBTUSD,sell,68530.90000,0.00005100,2026-08-19T16:13:07.442200+00:00
kraken,105348013,,XBTUSD,sell,68527.50000,0.00005100,2026-08-19T16:13:07.442200+00:00
kraken,105348014,,XBTUSD,sell,68526.00000,0.00036482,2026-08-19T16:13:07.442200+00:00
kraken,105348015,,XBTUSD,sell,68524.00000,0.00005100,2026-08-19T16:13:07.442200+00:00
kraken,105348016,,XBTUSD,sell,68522.50000,0.10556700,2026-08-19T16:13:07.442200+00:00
kraken,105348017,,XBTUSD,sell,68517.20000,0.00072975,2026-08-19T16:13:11.490317+00:00
kraken,105348018,,XBTUSD,sell,68517.20000,0.01650000,2026-08-19T16:13:11.490317+00:00
kraken,105348019,,XBTUSD,sell,68517.20000,0.00023300,2026-08-19T16:13:11.490317+00:00
kraken,105348020,,XBTUSD,sell,68517.20000,0.06950065,2026-08-19T16:13:11.490317+00:00
kraken,105348021,,XBTUSD,sell,68517.20000,0.00009935,2026-08-19T16:13:11.514019+00:00
kraken,105348022,,XBTUSD,sell,68517.20000,0.00250084,2026-08-19T16:13:11.514019+00:00
kraken,105348023,,XBTUSD,sell,68517.20000,0.00700000,2026-08-19T16:13:14.412380+00:00
kraken,105348024,,XBTUSD,sell,68517.20000,0.00007820,2026-08-19T16:13:14.714874+00:00
kraken,105348025,,XBTUSD,sell,68517.20000,0.00005837,2026-08-19T16:13:15.077027+00:00
kraken,105348026,,XBTUSD,sell,68517.20000,0.02020151,2026-08-19T16:13:15.718123+00:00
kraken,105348027,,XBTUSD,buy,68517.30000,0.00028901,2026-08-19T16:13:21.086106+00:00
kraken,105348028,,XBTUSD,buy,68517.30000,0.00044074,2026-08-19T16:13:22.987025+00:00
kraken,105348029,,XBTUSD,buy,68517.30000,0.00100000,2026-08-19T16:13:22.987025+00:00
kraken,105348030,,XBTUSD,buy,68517.30000,0.00100000,2026-08-19T16:13:22.987025+00:00
kraken,105348031,,XBTUSD,buy,68517.30000,0.00010000,2026-08-19T16:13:22.987025+00:00
kraken,105348032,,XBTUSD,buy,68517.30000,0.04956125,2026-08-19T16:13:22.987025+00:00
kraken,105348033,,XBTUSD,buy,68517.30000,0.07294257,2026-08-19T16:13:22.987025+00:00
kraken,105348034,,XBTUSD,buy,68517.30000,0.04993110,2026-08-19T16:13:22.987025+00:00
kraken,105348035,,XBTUSD,buy,68517.30000,0.01144696,2026-08-19T16:13:22.987025+00:00
kraken,105348036,,XBTUSD,buy,68517.30000,0.54778773,2026-08-19T16:13:22.987025+00:00
kraken,105348037,,XBTUSD,sell,68517.20000,0.01550603,2026-08-19T16:13:23.628997+00:00
kraken,105348038,,XBTUSD,sell,68517.20000,0.00691947,2026-08-19T16:13:23.630627+00:00
kraken,105348039,,XBTUSD,sell,68517.20000,0.00005000,2026-08-19T16:13:23.630802+00:00
kraken,105348040,,XBTUSD,sell,68517.20000,0.00072975,2026-08-19T16:13:25.232176+00:00
kraken,105348041,,XBTUSD,sell,68517.20000,0.00100000,2026-08-19T16:13:25.232176+00:00
kraken,105348042,,XBTUSD,sell,68513.70000,0.00005100,2026-08-19T16:13:25.232176+00:00
kraken,105348043,,XBTUSD,sell,68510.30000,0.00005100,2026-08-19T16:13:25.232176+00:00
kraken,105348044,,XBTUSD,sell,68509.40000,0.00316607,2026-08-19T16:13:25.232176+00:00
kraken,105348045,,XBTUSD,sell,68510.30000,0.01212427,2026-08-19T16:13:25.754069+00:00
kraken,105348046,,XBTUSD,buy,68510.40000,0.00025010,2026-08-19T16:13:25.766358+00:00
kraken,105348047,,XBTUSD,buy,68510.40000,0.00281602,2026-08-19T16:13:31.022587+00:00
kraken,105348048,,XBTUSD,buy,68510.40000,0.03649081,2026-08-19T16:13:32.136511+00:00
kraken,105348049,,XBTUSD,buy,68510.40000,0.00072982,2026-08-19T16:13:37.438532+00:00
kraken,105348050,,XBTUSD,buy,68510.40000,0.00057011,2026-08-19T16:13:37.438532+00:00
kraken,105348051,,XBTUSD,sell,68510.30000,0.00072982,2026-08-19T16:13:37.751414+00:00
kraken,105348052,,XBTUSD,sell,68510.30000,0.04240000,2026-08-19T16:13:37.751414+00:00
kraken,105348053,,XBTUSD,sell,68510.30000,0.00820000,2026-08-19T16:13:37.751414+00:00
kraken,105348054,,XBTUSD,sell,68510.30000,0.02189451,2026-08-19T16:13:37.751414+00:00
kraken,105348055,,XBTUSD,sell,68510.30000,0.05777203,2026-08-19T16:13:37.751414+00:00
kraken,105348056,,XBTUSD,sell,68510.30000,0.27534155,2026-08-19T16:13:37.751414+00:00
kraken,105348057,,XBTUSD,sell,68510.30000,0.04994314,2026-08-19T16:13:37.751414+00:00
kraken,105348058,,XBTUSD,sell,68510.30000,0.54371895,2026-08-19T16:13:37.751414+00:00
kraken,105348059,,XBTUSD,buy,68510.40000,0.00042989,2026-08-19T16:13:38.442571+00:00
kraken,105348060,,XBTUSD,buy,68510.40000,0.00010000,2026-08-19T16:13:38.442571+00:00
kraken,105348061,,XBTUSD,buy,68510.40000,0.00096267,2026-08-19T16:13:38.442571+00:00
kraken,105348062,,XBTUSD,buy,68510.40000,0.00003733,2026-08-19T16:13:41.011074+00:00
kraken,105348063,,XBTUSD,buy,68510.40000,0.00029192,2026-08-19T16:13:41.011074+00:00
kraken,105348064,,XBTUSD,buy,68510.40000,0.04238005,2026-08-19T16:13:41.011074+00:00
kraken,105348065,,XBTUSD,buy,68510.40000,0.03561995,2026-08-19T16:13:41.012567+00:00
kraken,105348066,,XBTUSD,buy,68510.40000,0.00067612,2026-08-19T16:13:41.012567+00:00
kraken,105348067,,XBTUSD,buy,68510.40000,0.00005370,2026-08-19T16:13:41.014771+00:00
kraken,105348068,,XBTUSD,buy,68510.40000,0.00010000,2026-08-19T16:13:41.014771+00:00
kraken,105348069,,XBTUSD,buy,68513.60000,0.00005100,2026-08-19T16:13:41.020574+00:00
kraken,105348070,,XBTUSD,buy,68514.00000,0.00078131,2026-08-19T16:13:41.020574+00:00
kraken,105348071,,XBTUSD,buy,68517.10000,0.00005100,2026-08-19T16:13:41.020574+00:00
kraken,105348072,,XBTUSD,buy,68517.30000,1.81636300,2026-08-19T16:13:41.020574+00:00
kraken,105348073,,XBTUSD,buy,68517.30000,0.44492952,2026-08-19T16:13:41.023483+00:00
kraken,105348074,,XBTUSD,buy,68517.30000,0.64778828,2026-08-19T16:13:41.032258+00:00
kraken,105348075,,XBTUSD,buy,68517.30000,0.92062451,2026-08-19T16:13:41.043503+00:00
kraken,105348076,,XBTUSD,buy,68517.30000,0.66808287,2026-08-19T16:13:41.043980+00:00
kraken,105348077,,XBTUSD,buy,68517.30000,0.53337055,2026-08-19T16:13:41.117666+00:00
kraken,105348078,,XBTUSD,buy,68517.30000,0.00797377,2026-08-19T16:13:41.211310+00:00
kraken,105348079,,XBTUSD,sell,68517.20000,0.00015200,2026-08-19T16:13:42.191571+00:00
kraken,105348080,,XBTUSD,sell,68517.20000,0.00033568,2026-08-19T16:13:43.054981+00:00
kraken,105348081,,XBTUSD,buy,68517.30000,0.01457662,2026-08-19T16:13:46.215650+00:00
kraken,105348082,,XBTUSD,buy,68517.30000,0.52513820,2026-08-19T16:13:46.231801+00:00
kraken,105348083,,XBTUSD,buy,68517.30000,0.45762994,2026-08-19T16:13:46.242057+00:00
kraken,105348084,,XBTUSD,buy,68517.30000,0.75583996,2026-08-19T16:13:46.252847+00:00
kraken,105348085,,XBTUSD,buy,68517.30000,1.88755096,2026-08-19T16:13:46.253033+00:00
kraken,105348086,,XBTUSD,buy,68517.30000,0.75764530,2026-08-19T16:13:46.256180+00:00
kraken,105348087,,XBTUSD,buy,68517.30000,1.64004251,2026-08-19T16:13:46.259116+00:00
kraken,105348088,,XBTUSD,buy,68517.30000,0.69481818,2026-08-19T16:13:46.265129+00:00
kraken,105348089,,XBTUSD,buy,68517.30000,0.79866926,2026-08-19T16:13:46.267552+00:00
kraken,105348090,,XBTUSD,buy,68517.30000,0.76937887,2026-08-19T16:13:46.275361+00:00
kraken,105348091,,XBTUSD,buy,68517.30000,0.63192288,2026-08-19T16:13:46.283220+00:00
kraken,105348092,,XBTUSD,buy,68517.30000,0.64586962,2026-08-19T16:13:46.344434+00:00
kraken,105348093,,XBTUSD,buy,68517.30000,0.43808518,2026-08-19T16:13:46.468681+00:00
kraken,105348094,,XBTUSD,buy,68517.30000,2.62008244,2026-08-19T16:13:46.496357+00:00
kraken,105348095,,XBTUSD,buy,68517.30000,2.19159787,2026-08-19T16:13:46.509661+00:00
kraken,105348096,,XBTUSD,buy,68517.30000,0.00006540,2026-08-19T16:13:46.525712+00:00
kraken,105348097,,XBTUSD,buy,68517.30000,0.03159000,2026-08-19T16:13:46.526931+00:00
kraken,105348098,,XBTUSD,buy,68517.30000,6.91054500,2026-08-19T16:13:46.545695+00:00
kraken,105348099,,XBTUSD,buy,68517.30000,1.18381346,2026-08-19T16:13:47.067913+00:00
kraken,105348100,,XBTUSD,buy,68517.30000,0.48457073,2026-08-19T16:13:48.222212+00:00
kraken,105348101,,XBTUSD,buy,68517.30000,0.26052040,2026-08-19T16:13:48.822423+00:00
kraken,105348102,,XBTUSD,buy,68517.30000,0.08802608,2026-08-19T16:13:49.422417+00:00
kraken,105348103,,XBTUSD,buy,68517.30000,0.24330487,2026-08-19T16:13:50.022375+00:00
kraken,105348104,,XBTUSD,buy,68517.30000,0.18623084,2026-08-19T16:13:51.187579+00:00
kraken,105348105,,XBTUSD,sell,68517.20000,0.00261232,2026-08-19T16:13:52.552608+00:00
kraken,105348106,,XBTUSD,sell,68517.20000,0.00330109,2026-08-19T16:13:52.552608+00:00
kraken,105348107,,XBTUSD,buy,68517.30000,0.05867343,2026-08-19T16:13:53.374071+00:00
kraken,105348108,,XBTUSD,buy,68517.30000,1.30431276,2026-08-19T16:13:53.610558+00:00
kraken,105348109,,XBTUSD,buy,68517.30000,1.31256440,2026-08-19T16:13:53.612251+00:00
kraken,105348110,,XBTUSD,buy,68517.30000,0.00337405,2026-08-19T16:13:54.102369+00:00
kraken,105348111,,XBTUSD,sell,68517.20000,0.00029919,2026-08-19T16:13:54.684399+00:00
kraken,105348112,,XBTUSD,buy,68517.30000,0.00037458,2026-08-19T16:13:55.053127+00:00
kraken,105348113,,XBTUSD,buy,68517.30000,0.03159000,2026-08-19T16:13:59.156887+00:00
kraken,105348114,,XBTUSD,buy,68517.30000,0.11407140,2026-08-19T16:14:00.127589+00:00
kraken,105348115,,XBTUSD,sell,68517.20000,0.11004249,2026-08-19T16:14:00.870218+00:00
kraken,105348116,,XBTUSD,sell,68517.20000,0.06995751,2026-08-19T16:14:00.870218+00:00
kraken,105348117,,XBTUSD,sell,68517.20000,0.00729745,2026-08-19T16:14:01.667042+00:00
kraken,105348118,,XBTUSD,buy,68517.30000,0.36785707,2026-08-19T16:14:02.670708+00:00
kraken,105348119,,XBTUSD,buy,68517.30000,0.71130174,2026-08-19T16:14:02.774495+00:00
kraken,105348120,,XBTUSD,buy,68517.30000,0.38234132,2026-08-19T16:14:02.776545+00:00
kraken,105348121,,XBTUSD,buy,68517.30000,1.46835390,2026-08-19T16:14:02.995997+00:00
kraken,105348122,,XBTUSD,buy,68517.30000,0.48608547,2026-08-19T16:14:03.365804+00:00
kraken,105348123,,XBTUSD,buy,68517.30000,0.60629000,2026-08-19T16:14:03.369575+00:00
kraken,105348124,,XBTUSD,buy,68517.30000,1.94113112,2026-08-19T16:14:06.921354+00:00
kraken,105348125,,XBTUSD,buy,68517.30000,2.18825500,2026-08-19T16:14:06.926131+00:00
kraken,105348126,,XBTUSD,buy,68517.30000,0.44299281,2026-08-19T16:14:07.022700+00:00
kraken,105348127,,XBTUSD,buy,68517.30000,0.03159000,2026-08-19T16:14:07.025674+00:00
kraken,105348128,,XBTUSD,buy,68517.30000,0.39215338,2026-08-19T16:14:07.028356+00:00
kraken,105348129,,XBTUSD,buy,68517.30000,0.44454868,2026-08-19T16:14:07.028938+00:00
kraken,105348130,,XBTUSD,buy,68517.30000,0.69538484,2026-08-19T16:14:07.038981+00:00
kraken,105348131,,XBTUSD,buy,68517.30000,0.77939206,2026-08-19T16:14:07.812320+00:00
kraken,105348132,,XBTUSD,buy,68517.30000,0.52274164,2026-08-19T16:14:08.128528+00:00
kraken,105348133,,XBTUSD,buy,68517.30000,0.00000131,2026-08-19T16:14:08.151683+00:00
kraken,105348134,,XBTUSD,buy,68517.30000,0.42929933,2026-08-19T16:14:08.253648+00:00
kraken,105348135,,XBTUSD,buy,68517.30000,0.45017230,2026-08-19T16:14:08.255752+00:00
kraken,105348136,,XBTUSD,buy,68517.30000,0.51573265,2026-08-19T16:14:08.257268+00:00
kraken,105348137,,XBTUSD,buy,68517.30000,0.39251229,2026-08-19T16:14:08.258789+00:00
kraken,105348138,,XBTUSD,buy,68517.30000,0.37659362,2026-08-19T16:14:08.299340+00:00
kraken,105348139,,XBTUSD,buy,68517.30000,6.91054500,2026-08-19T16:14:08.300159+00:00
kraken,105348140,,XBTUSD,buy,68517.30000,6.91054500,2026-08-19T16:14:08.300467+00:00
kraken,105348141,,XBTUSD,buy,68517.30000,0.60663812,2026-08-19T16:14:08.302078+00:00
kraken,105348142,,XBTUSD,buy,68517.30000,6.91054500,2026-08-19T16:14:08.304855+00:00
kraken,105348143,,XBTUSD,buy,68517.30000,0.03177381,2026-08-19T16:14:08.306247+00:00
kraken,105348144,,XBTUSD,buy,68517.30000,0.71804787,2026-08-19T16:14:08.411169+00:00
kraken,105348145,,XBTUSD,buy,68517.30000,1.71433807,2026-08-19T16:14:08.451636+00:00
kraken,105348146,,XBTUSD,buy,68517.30000,0.64410141,2026-08-19T16:14:08.455627+00:00
kraken,105348147,,XBTUSD,buy,68517.30000,1.31963598,2026-08-19T16:14:08.456559+00:00
kraken,105348148,,XBTUSD,buy,68517.30000,0.89666142,2026-08-19T16:14:08.492612+00:00
kraken,105348149,,XBTUSD,buy,68517.30000,2.62630788,2026-08-19T16:14:08.495483+00:00
kraken,105348150,,XBTUSD,buy,68517.30000,0.03159000,2026-08-19T16:14:08.526279+00:00
kraken,105348151,,XBTUSD,buy,68517.30000,1.10830244,2026-08-19T16:14:08.533394+00:00
kraken,105348152,,XBTUSD,buy,68517.30000,1.09164347,2026-08-19T16:14:08.536436+00:00
kraken,105348153,,XBTUSD,buy,68517.30000,2.18035642,2026-08-19T16:14:08.539786+00:00
kraken,105348154,,XBTUSD,buy,68517.30000,0.22328692,2026-08-19T16:14:08.552194+00:00
kraken,105348155,,XBTUSD,buy,68517.30000,0.04790572,2026-08-19T16:14:08.677766+00:00
kraken,105348156,,XBTUSD,buy,68517.30000,0.02503214,2026-08-19T16:14:08.696520+00:00
kraken,105348157,,XBTUSD,buy,68517.30000,0.00047363,2026-08-19T16:14:08.708389+00:00
kraken,105348158,,XBTUSD,buy,68517.30000,0.07467463,2026-08-19T16:14:08.730488+00:00
kraken,105348159,,XBTUSD,buy,68517.30000,0.00384275,2026-08-19T16:14:08.769283+00:00
kraken,105348160,,XBTUSD,buy,68517.30000,0.00029088,2026-08-19T16:14:08.807954+00:00
kraken,105348161,,XBTUSD,buy,68517.30000,0.00078313,2026-08-19T16:14:08.818755+00:00
kraken,105348162,,XBTUSD,buy,68517.30000,0.00015351,2026-08-19T16:14:08.827672+00:00
kraken,105348163,,XBTUSD,buy,68517.30000,0.05609741,2026-08-19T16:14:08.831239+00:00
kraken,105348164,,XBTUSD,buy,68517.30000,0.00043629,2026-08-19T16:14:08.946320+00:00
kraken,105348165,,XBTUSD,buy,68517.30000,0.00193328,2026-08-19T16:14:08.964390+00:00
kraken,105348166,,XBTUSD,buy,68517.30000,0.00543645,2026-08-19T16:14:09.020428+00:00
kraken,105348167,,XBTUSD,sell,68517.20000,0.11520850,2026-08-19T16:14:09.277267+00:00
kraken,105348168,,XBTUSD,buy,68517.30000,0.02537281,2026-08-19T16:14:09.531551+00:00
kraken,105348169,,XBTUSD,buy,68517.30000,0.05098696,2026-08-19T16:14:09.543682+00:00
kraken,105348170,,XBTUSD,buy,68517.30000,0.02371776,2026-08-19T16:14:09.556943+00:00
kraken,105348171,,XBTUSD,buy,68517.30000,0.05052064,2026-08-19T16:14:09.571551+00:00
kraken,105348172,,XBTUSD,buy,68517.30000,0.03563447,2026-08-19T16:14:09.593614+00:00
kraken,105348173,,XBTUSD,buy,68517.30000,0.00058236,2026-08-19T16:14:09.651047+00:00
kraken,105348174,,XBTUSD,buy,68517.30000,0.00890999,2026-08-19T16:14:10.281167+00:00
kraken,105348175,,XBTUSD,buy,68517.30000,0.01366197,2026-08-19T16:14:10.478632+00:00
kraken,105348176,,XBTUSD,buy,68517.30000,0.01324257,2026-08-19T16:14:10.512701+00:00
kraken,105348177,,XBTUSD,buy,68517.30000,0.02334000,2026-08-19T16:14:10.545555+00:00
kraken,105348178,,XBTUSD,buy,68517.30000,0.00234549,2026-08-19T16:14:10.958452+00:00
kraken,105348179,,XBTUSD,sell,68517.20000,0.12248469,2026-08-19T16:14:11.399352+00:00
kraken,105348180,,XBTUSD,sell,68517.20000,0.00364871,2026-08-19T16:14:11.399352+00:00
kraken,105348181,,XBTUSD,sell,68517.20000,0.06960000,2026-08-19T16:14:11.399352+00:00
kraken,105348182,,XBTUSD,sell,68517.20000,0.30426660,2026-08-19T16:14:11.399352+00:00
kraken,105348183,,XBTUSD,buy,68517.30000,0.02318000,2026-08-19T16:14:11.508649+00:00
kraken,105348184,,XBTUSD,buy,68517.30000,0.00711944,2026-08-19T16:14:13.415941+00:00
kraken,105348185,,XBTUSD,buy,68517.30000,0.41716055,2026-08-19T16:14:13.782791+00:00
kraken,105348186,,XBTUSD,sell,68517.20000,0.00882610,2026-08-19T16:14:14.679293+00:00
kraken,105348187,,XBTUSD,buy,68517.30000,0.03977943,2026-08-19T16:14:14.982728+00:00
kraken,105348188,,XBTUSD,buy,68517.30000,1.97882136,2026-08-19T16:14:17.662036+00:00
kraken,105348189,,XBTUSD,sell,68517.20000,0.00043999,2026-08-19T16:14:18.484773+00:00
kraken,105348190,,XBTUSD,buy,68517.30000,0.00359479,2026-08-19T16:14:18.627276+00:00
kraken,105348191,,XBTUSD,buy,68517.30000,0.00013732,2026-08-19T16:14:18.630274+00:00
kraken,105348192,,XBTUSD,sell,68517.20000,0.04309416,2026-08-19T16:14:18.733024+00:00
kraken,105348193,,XBTUSD,buy,68517.30000,0.74351505,2026-08-19T16:14:23.142722+00:00
kraken,105348194,,XBTUSD,buy,68517.30000,0.00117861,2026-08-19T16:14:25.331728+00:00
kraken,105348195,,XBTUSD,buy,68517.30000,0.41126877,2026-08-19T16:14:28.382963+00:00
kraken,105348196,,XBTUSD,buy,68517.30000,0.43679092,2026-08-19T16:14:28.387260+00:00
kraken,105348197,,XBTUSD,buy,68517.30000,0.54821163,2026-08-19T16:14:28.392492+00:00
kraken,105348198,,XBTUSD,buy,68517.30000,0.67343658,2026-08-19T16:14:28.689203+00:00
kraken,105348199,,XBTUSD,buy,68517.30000,0.45568593,2026-08-19T16:14:29.371437+00:00
kraken,105348200,,XBTUSD,buy,68517.30000,0.38830085,2026-08-19T16:14:29.373296+00:00
kraken,105348201,,XBTUSD,buy,68517.30000,0.54580098,2026-08-19T16:14:29.377140+00:00
kraken,105348202,,XBTUSD,buy,68517.30000,0.96082427,2026-08-19T16:14:29.379289+00:00
kraken,105348203,,XBTUSD,buy,68517.30000,0.37596215,2026-08-19T16:14:29.410045+00:00
kraken,105348204,,XBTUSD,buy,68517.30000,0.39976114,2026-08-19T16:14:29.429920+00:00
kraken,105348205,,XBTUSD,buy,68517.30000,0.55084661,2026-08-19T16:14:29.979309+00:00
kraken,105348206,,XBTUSD,buy,68517.30000,0.03159000,2026-08-19T16:14:29.980392+00:00
kraken,105348207,,XBTUSD,buy,68517.30000,0.51469889,2026-08-19T16:14:29.981708+00:00
kraken,105348208,,XBTUSD,buy,68517.30000,0.58557320,2026-08-19T16:14:30.956451+00:00
kraken,105348209,,XBTUSD,buy,68517.30000,1.02386522,2026-08-19T16:14:30.957639+00:00
kraken,105348210,,XBTUSD,buy,68517.30000,0.81785084,2026-08-19T16:14:30.958300+00:00
kraken,105348211,,XBTUSD,buy,68517.30000,0.40751073,2026-08-19T16:14:30.960953+00:00
kraken,105348212,,XBTUSD,buy,68517.30000,1.05369872,2026-08-19T16:14:30.963231+00:00
kraken,105348213,,XBTUSD,buy,68517.30000,0.37435698,2026-08-19T16:14:30.982087+00:00
kraken,105348214,,XBTUSD,buy,68517.30000,0.44748036,2026-08-19T16:14:30.990469+00:00
kraken,105348215,,XBTUSD,buy,68517.30000,0.38531869,2026-08-19T16:14:31.013184+00:00
kraken,105348216,,XBTUSD,buy,68517.30000,0.75098439,2026-08-19T16:14:31.026273+00:00
kraken,105348217,,XBTUSD,buy,68517.30000,0.66666249,2026-08-19T16:14:31.029989+00:00
kraken,105348218,,XBTUSD,buy,68517.30000,0.10288704,2026-08-19T16:14:31.229017+00:00
kraken,105348219,,XBTUSD,buy,68517.30000,0.05566280,2026-08-19T16:14:31.290591+00:00
kraken,105348220,,XBTUSD,buy,68517.30000,0.02179629,2026-08-19T16:14:31.333475+00:00
kraken,105348221,,XBTUSD,buy,68517.30000,0.00917425,2026-08-19T16:14:31.348897+00:00
kraken,105348222,,XBTUSD,buy,68517.30000,0.00129568,2026-08-19T16:14:31.366042+00:00
kraken,105348223,,XBTUSD,buy,68517.30000,0.00621560,2026-08-19T16:14:31.377093+00:00
kraken,105348224,,XBTUSD,buy,68517.30000,0.00040898,2026-08-19T16:14:31.389309+00:00
kraken,105348225,,XBTUSD,buy,68517.30000,0.00116800,2026-08-19T16:14:31.401571+00:00
kraken,105348226,,XBTUSD,buy,68517.30000,0.00018364,2026-08-19T16:14:31.411476+00:00
kraken,105348227,,XBTUSD,buy,68517.30000,0.00016941,2026-08-19T16:14:31.414156+00:00
kraken,105348228,,XBTUSD,buy,68517.30000,0.00090528,2026-08-19T16:14:31.422641+00:00
kraken,105348229,,XBTUSD,buy,68517.30000,0.05085236,2026-08-19T16:14:31.474593+00:00
kraken,105348230,,XBTUSD,sell,68517.20000,0.01500000,2026-08-19T16:14:31.583601+00:00
kraken,105348231,,XBTUSD,sell,68517.20000,0.01500000,2026-08-19T16:14:31.583601+00:00
kraken,105348232,,XBTUSD,sell,68517.20000,0.00652207,2026-08-19T16:14:31.583601+00:00
kraken,105348233,,XBTUSD,sell,68517.20000,0.00013924,2026-08-19T16:14:31.583601+00:00
kraken,105348234,,XBTUSD,sell,68517.20000,0.00105434,2026-08-19T16:14:31.583601+00:00
kraken,105348235,,XBTUSD,sell,68517.20000,0.00079784,2026-08-19T16:14:31.583601+00:00
kraken,105348236,,XBTUSD,sell,68517.20000,0.01800858,2026-08-19T16:14:31.583601+00:00
kraken,105348237,,XBTUSD,buy,68517.30000,0.03159000,2026-08-19T16:14:31.586641+00:00
kraken,105348238,,XBTUSD,buy,68517.30000,0.00402986,2026-08-19T16:14:31.605207+00:00
kraken,105348239,,XBTUSD,buy,68517.30000,0.00227232,2026-08-19T16:14:31.644364+00:00
kraken,105348240,,XBTUSD,buy,68517.30000,0.00448632,2026-08-19T16:14:31.687707+00:00
kraken,105348241,,XBTUSD,buy,68517.30000,0.00031066,2026-08-19T16:14:31.716746+00:00
kraken,105348242,,XBTUSD,buy,68517.30000,0.00005000,2026-08-19T16:14:31.719357+00:00
kraken,105348243,,XBTUSD,buy,68517.30000,0.00017446,2026-08-19T16:14:31.720505+00:00
kraken,105348244,,XBTUSD,buy,68517.30000,0.00005000,2026-08-19T16:14:31.721246+00:00
kraken,105348245,,XBTUSD,buy,68517.30000,0.00005000,2026-08-19T16:14:31.722005+00:00
kraken,105348246,,XBTUSD,buy,68517.30000,0.00005000,2026-08-19T16:14:31.722697+00:00
kraken,105348247,,XBTUSD,buy,68517.30000,0.00005192,2026-08-19T16:14:31.723445+00:00
kraken,105348248,,XBTUSD,buy,68517.30000,0.00005000,2026-08-19T16:14:31.723736+00:00
kraken,105348249,,XBTUSD,buy,68517.30000,0.00005000,2026-08-19T16:14:31.724351+00:00
kraken,105348250,,XBTUSD,buy,68517.30000,0.00005000,2026-08-19T16:14:31.725001+00:00
kraken,105348251,,XBTUSD,buy,68517.30000,0.00005000,2026-08-19T16:14:31.725693+00:00
kraken,105348252,,XBTUSD,buy,68517.30000,0.00005000,2026-08-19T16:14:31.726366+00:00
kraken,105348253,,XBTUSD,buy,68517.30000,0.00005000,2026-08-19T16:14:31.727065+00:00
kraken,105348254,,XBTUSD,buy,68517.30000,0.00005000,2026-08-19T16:14:31.727829+00:00
kraken,105348255,,XBTUSD,buy,68517.30000,0.00005660,2026-08-19T16:14:31.728513+00:00
kraken,105348256,,XBTUSD,buy,68517.30000,0.00005404,2026-08-19T16:14:31.729183+00:00
kraken,105348257,,XBTUSD,buy,68517.30000,0.00005000,2026-08-19T16:14:31.729563+00:00
kraken,105348258,,XBTUSD,buy,68517.30000,0.00005000,2026-08-19T16:14:31.730210+00:00
kraken,105348259,,XBTUSD,buy,68517.30000,0.05596875,2026-08-19T16:14:31.881742+00:00
kraken,105348260,,XBTUSD,buy,68517.30000,2.45430145,2026-08-19T16:14:31.966382+00:00
kraken,105348261,,XBTUSD,buy,68517.30000,0.00072982,2026-08-19T16:14:31.966382+00:00
kraken,105348262,,XBTUSD,buy,68517.30000,0.00029189,2026-08-19T16:14:31.966382+00:00
kraken,105348263,,XBTUSD,buy,68517.30000,0.00010000,2026-08-19T16:14:31.966382+00:00
kraken,105348264,,XBTUSD,buy,68517.30000,0.00100000,2026-08-19T16:14:31.966382+00:00
kraken,105348265,,XBTUSD,buy,68517.30000,0.40000000,2026-08-19T16:14:31.966382+00:00
kraken,105348266,,XBTUSD,buy,68517.30000,0.00013214,2026-08-19T16:14:31.966382+00:00
kraken,105348267,,XBTUSD,buy,68523.90000,0.00005100,2026-08-19T16:14:31.967966+00:00
kraken,105348268,,XBTUSD,buy,68527.40000,0.00005100,2026-08-19T16:14:31.967966+00:00
kraken,105348269,,XBTUSD,buy,68530.80000,0.00005100,2026-08-19T16:14:31.967966+00:00
kraken,105348270,,XBTUSD,sell,68530.90000,0.00032778,2026-08-19T16:14:32.452659+00:00
kraken,105348271,,XBTUSD,sell,68530.90000,0.00038694,2026-08-19T16:14:32.454082+00:00
kraken,105348272,,XBTUSD,buy,68531.00000,0.00110590,2026-08-19T16:14:32.496380+00:00
kraken,105348273,,XBTUSD,buy,68531.00000,0.00072960,2026-08-19T16:14:32.496380+00:00
kraken,105348274,,XBTUSD,sell,68536.90000,0.00008050,2026-08-19T16:14:37.067986+00:00
kraken,105348275,,XBTUSD,buy,68537.00000,0.00029181,2026-08-19T16:14:37.863991+00:00
kraken,105348276,,XBTUSD,buy,68537.00000,0.00001468,2026-08-19T16:14:37.863991+00:00
kraken,105348277,,XBTUSD,buy,68537.00000,0.00071486,2026-08-19T16:14:40.262109+00:00
kraken,105348278,,XBTUSD,buy,68537.00000,0.00100000,2026-08-19T16:14:40.262109+00:00
kraken,105348279,,XBTUSD,buy,68537.00000,0.00010000,2026-08-19T16:14:40.262109+00:00
kraken,105348280,,XBTUSD,buy,68537.00000,0.00029181,2026-08-19T16:14:40.262109+00:00
kraken,105348281,,XBTUSD,buy,68537.70000,0.00005100,2026-08-19T16:14:40.262109+00:00
kraken,105348282,,XBTUSD,buy,68539.60000,0.00069039,2026-08-19T16:14:40.262109+00:00
kraken,105348283,,XBTUSD,buy,68539.60000,0.00072951,2026-08-19T16:14:43.001766+00:00
kraken,105348284,,XBTUSD,buy,68539.60000,0.00029180,2026-08-19T16:14:43.001766+00:00
kraken,105348285,,XBTUSD,buy,68539.60000,0.13242767,2026-08-19T16:14:43.001766+00:00
kraken,105348286,,XBTUSD,buy,68539.60000,0.00100000,2026-08-19T16:14:43.001766+00:00
kraken,105348287,,XBTUSD,buy,68539.60000,0.00010000,2026-08-19T16:14:43.001766+00:00
kraken,105348288,,XBTUSD,buy,68552.00000,0.00145800,2026-08-19T16:14:46.244584+00:00
kraken,105348289,,XBTUSD,buy,68552.00000,0.00072938,2026-08-19T16:14:46.244584+00:00
kraken,105348290,,XBTUSD,buy,68552.00000,0.00029174,2026-08-19T16:14:46.244584+00:00
kraken,105348291,,XBTUSD,buy,68552.00000,0.01309288,2026-08-19T16:14:46.244584+00:00
kraken,105348292,,XBTUSD,sell,68551.90000,0.00009619,2026-08-19T16:14:55.902853+00:00
kraken,105348293,,XBTUSD,sell,68551.90000,0.00063319,2026-08-19T16:14:56.453690+00:00
kraken,105348294,,XBTUSD,sell,68551.90000,0.00100000,2026-08-19T16:14:56.453690+00:00
kraken,105348295,,XBTUSD,sell,68551.90000,0.02917497,2026-08-19T16:14:56.453690+00:00
kraken,105348296,,XBTUSD,sell,68551.90000,0.06670000,2026-08-19T16:14:56.453690+00:00
kraken,105348297,,XBTUSD,sell,68551.50000,0.00005100,2026-08-19T16:14:56.453690+00:00
kraken,105348298,,XBTUSD,sell,68539.50000,0.00140550,2026-08-19T16:14:58.414977+00:00
kraken,105348299,,XBTUSD,buy,68539.60000,0.00087526,2026-08-19T16:14:59.964433+00:00
kraken,105348300,,XBTUSD,sell,68539.50000,0.18618995,2026-08-19T16:15:00.201863+00:00
kraken,105348301,,XBTUSD,buy,68539.60000,0.00072951,2026-08-19T16:15:02.255841+00:00
kraken,105348302,,XBTUSD,buy,68539.60000,0.00029180,2026-08-19T16:15:02.255841+00:00
kraken,105348303,,XBTUSD,buy,68539.60000,0.00100000,2026-08-19T16:15:02.255841+00:00
kraken,105348304,,XBTUSD,buy,68539.60000,0.00100000,2026-08-19T16:15:02.255841+00:00
kraken,105348305,,XBTUSD,buy,68539.60000,0.00010000,2026-08-19T16:15:02.255841+00:00
kraken,105348306,,XBTUSD,buy,68539.60000,0.00649789,2026-08-19T16:15:02.255841+00:00
kraken,105348307,,XBTUSD,buy,68539.60000,0.21547855,2026-08-19T16:15:03.039817+00:00
kraken,105348308,,XBTUSD,buy,68539.60000,0.02022469,2026-08-19T16:15:03.039817+00:00
kraken,105348309,,XBTUSD,buy,68539.60000,0.01144487,2026-08-19T16:15:03.039817+00:00
kraken,105348310,,XBTUSD,buy,68539.60000,0.07800000,2026-08-19T16:15:03.039817+00:00
kraken,105348311,,XBTUSD,buy,68539.60000,0.04935895,2026-08-19T16:15:03.039817+00:00
kraken,105348312,,XBTUSD,buy,68539.60000,0.01500000,2026-08-19T16:15:03.039817+00:00
kraken,105348313,,XBTUSD,buy,68539.60000,0.00072951,2026-08-19T16:15:03.039817+00:00
kraken,105348314,,XBTUSD,buy,68539.60000,0.00029180,2026-08-19T16:15:03.039817+00:00
kraken,105348315,,XBTUSD,buy,68539.60000,0.72950527,2026-08-19T16:15:03.039817+00:00
kraken,105348316,,XBTUSD,buy,68541.10000,0.00020000,2026-08-19T16:15:03.055548+00:00
kraken,105348317,,XBTUSD,sell,68544.70000,0.00011962,2026-08-19T16:15:04.923959+00:00
kraken,105348318,,XBTUSD,buy,68544.80000,0.00072945,2026-08-19T16:15:10.482945+00:00
kraken,105348319,,XBTUSD,buy,68544.80000,0.00010000,2026-08-19T16:15:10.482945+00:00
kraken,105348320,,XBTUSD,buy,68544.80000,0.00100000,2026-08-19T16:15:10.482945+00:00
kraken,105348321,,XBTUSD,buy,68544.80000,0.00029700,2026-08-19T16:15:10.482945+00:00
kraken,105348322,,XBTUSD,buy,68544.80000,0.00008055,2026-08-19T16:15:10.482945+00:00
kraken,105348323,,XBTUSD,buy,68544.80000,0.00000045,2026-08-19T16:15:10.520113+00:00
kraken,105348324,,XBTUSD,buy,68545.40000,0.00072900,2026-08-19T16:15:11.064187+00:00
kraken,105348325,,XBTUSD,sell,68545.30000,0.00729089,2026-08-19T16:15:11.513226+00:00
kraken,105348326,,XBTUSD,sell,68545.30000,0.00039650,2026-08-19T16:15:12.897772+00:00
kraken,105348327,,XBTUSD,sell,68545.30000,0.00038627,2026-08-19T16:15:12.897772+00:00
kraken,105348328,,XBTUSD,sell,68545.30000,0.00038627,2026-08-19T16:15:12.897772+00:00
kraken,105348329,,XBTUSD,sell,68545.30000,0.00038627,2026-08-19T16:15:12.897772+00:00
kraken,105348330,,XBTUSD,buy,68545.40000,0.00000045,2026-08-19T16:15:15.488081+00:00
kraken,105348331,,XBTUSD,buy,68545.40000,0.00277333,2026-08-19T16:15:15.488081+00:00
kraken,105348332,,XBTUSD,buy,68545.40000,0.00100000,2026-08-19T16:15:17.891840+00:00
kraken,105348333,,XBTUSD,buy,68545.40000,0.00010000,2026-08-19T16:15:17.891840+00:00
kraken,105348334,,XBTUSD,buy,68545.40000,0.00072945,2026-08-19T16:15:17.891840+00:00
kraken,105348335,,XBTUSD,buy,68545.40000,0.03901939,2026-08-19T16:15:17.891840+00:00
kraken,105348336,,XBTUSD,sell,68545.30000,0.00729444,2026-08-19T16:15:22.547830+00:00
kraken,105348337,,XBTUSD,buy,68545.40000,0.08073313,2026-08-19T16:15:23.041307+00:00
kraken,105348338,,XBTUSD,buy,68545.40000,0.00072945,2026-08-19T16:15:23.041307+00:00
kraken,105348339,,XBTUSD,buy,68545.40000,0.07800000,2026-08-19T16:15:23.041307+00:00
kraken,105348340,,XBTUSD,buy,68545.40000,0.00010000,2026-08-19T16:15:23.041307+00:00
kraken,105348341,,XBTUSD,buy,68545.40000,0.00100000,2026-08-19T16:15:23.041307+00:00
kraken,105348342,,XBTUSD,buy,68545.40000,0.04935895,2026-08-19T16:15:23.041307+00:00
kraken,105348343,,XBTUSD,sell,68547.50000,0.00015200,2026-08-19T16:15:24.706730+00:00
kraken,105348344,,XBTUSD,buy,68547.60000,0.00037277,2026-08-19T16:15:27.037629+00:00
kraken,105348345,,XBTUSD,buy,68547.60000,0.00028465,2026-08-19T16:15:28.118692+00:00
kraken,105348346,,XBTUSD,sell,68547.50000,0.00383792,2026-08-19T16:15:29.060843+00:00
kraken,105348347,,XBTUSD,sell,68547.50000,0.00046976,2026-08-19T16:15:30.601902+00:00
kraken,105348348,,XBTUSD,sell,68547.50000,0.00014069,2026-08-19T16:15:31.372480+00:00
kraken,105348349,,XBTUSD,buy,68547.60000,0.00072942,2026-08-19T16:15:31.659109+00:00
kraken,105348350,,XBTUSD,buy,68547.60000,0.00100000,2026-08-19T16:15:31.659109+00:00
kraken,105348351,,XBTUSD,buy,68547.60000,0.00010000,2026-08-19T16:15:31.659109+00:00
kraken,105348352,,XBTUSD,buy,68551.40000,0.00309853,2026-08-19T16:15:31.735023+00:00
kraken,105348353,,XBTUSD,buy,68554.00000,0.16129158,2026-08-19T16:15:31.816185+00:00
kraken,105348354,,XBTUSD,buy,68554.00000,0.05070000,2026-08-19T16:15:31.816185+00:00
kraken,105348355,,XBTUSD,buy,68554.80000,0.00005100,2026-08-19T16:15:31.816185+00:00
kraken,105348356,,XBTUSD,buy,68556.50000,0.00014800,2026-08-19T16:15:31.816185+00:00
kraken,105348357,,XBTUSD,buy,68556.50000,0.00006100,2026-08-19T16:15:31.816185+00:00
kraken,105348358,,XBTUSD,buy,68558.30000,0.00005100,2026-08-19T16:15:31.816185+00:00
kraken,105348359,,XBTUSD,buy,68558.70000,0.29255928,2026-08-19T16:15:31.816185+00:00
kraken,105348360,,XBTUSD,buy,68558.70000,0.44381588,2026-08-19T16:15:32.385915+00:00
kraken,105348361,,XBTUSD,buy,68558.70000,0.07630200,2026-08-19T16:15:32.389282+00:00
kraken,105348362,,XBTUSD,buy,68558.70000,0.42660246,2026-08-19T16:15:32.402991+00:00
kraken,105348363,,XBTUSD,buy,68558.70000,0.26072038,2026-08-19T16:15:33.182614+00:00
kraken,105348364,,XBTUSD,buy,68558.70000,0.00072931,2026-08-19T16:15:33.182614+00:00
kraken,105348365,,XBTUSD,buy,68558.70000,0.23051007,2026-08-19T16:15:33.182614+00:00
kraken,105348366,,XBTUSD,buy,68558.70000,0.00202226,2026-08-19T16:15:33.282112+00:00
kraken,105348367,,XBTUSD,buy,68558.70000,0.00463354,2026-08-19T16:15:33.282341+00:00
kraken,105348368,,XBTUSD,buy,68558.70000,0.00347517,2026-08-19T16:15:33.286241+00:00
kraken,105348369,,XBTUSD,buy,68558.70000,0.00231678,2026-08-19T16:15:33.294800+00:00
kraken,105348370,,XBTUSD,buy,68558.70000,0.08655068,2026-08-19T16:15:33.298213+00:00
kraken,105348371,,XBTUSD,buy,68558.70000,0.06275444,2026-08-19T16:15:33.299698+00:00
kraken,105348372,,XBTUSD,buy,68558.70000,0.00773706,2026-08-19T16:15:33.300328+00:00
kraken,105348373,,XBTUSD,buy,68558.70000,0.00100000,2026-08-19T16:15:33.300328+00:00
kraken,105348374,,XBTUSD,buy,68558.70000,0.00010000,2026-08-19T16:15:33.300328+00:00
kraken,105348375,,XBTUSD,buy,68559.70000,0.01166866,2026-08-19T16:15:33.300328+00:00
kraken,105348376,,XBTUSD,buy,68561.20000,0.07199044,2026-08-19T16:15:33.300328+00:00
kraken,105348377,,XBTUSD,buy,68561.20000,0.02800956,2026-08-19T16:15:33.304217+00:00
kraken,105348378,,XBTUSD,buy,68567.60000,0.00145800,2026-08-19T16:15:34.853760+00:00
kraken,105348379,,XBTUSD,buy,68567.60000,0.00072921,2026-08-19T16:15:34.853760+00:00
kraken,105348380,,XBTUSD,buy,68569.00000,0.02663171,2026-08-19T16:15:34.926722+00:00
kraken,105348381,,XBTUSD,buy,68569.00000,0.00459453,2026-08-19T16:15:35.199852+00:00
kraken,105348382,,XBTUSD,buy,68569.00000,0.04517483,2026-08-19T16:15:35.217628+00:00
kraken,105348383,,XBTUSD,buy,68569.00000,0.04049838,2026-08-19T16:15:35.220232+00:00
kraken,105348384,,XBTUSD,buy,68569.00000,0.03310055,2026-08-19T16:15:35.229815+00:00
kraken,105348385,,XBTUSD,buy,68569.00000,0.00010000,2026-08-19T16:15:35.229815+00:00
kraken,105348386,,XBTUSD,buy,68569.00000,0.00100000,2026-08-19T16:15:35.229815+00:00
kraken,105348387,,XBTUSD,buy,68569.00000,0.00072920,2026-08-19T16:15:35.229815+00:00
kraken,105348388,,XBTUSD,buy,68569.30000,0.00554183,2026-08-19T16:15:35.255662+00:00
kraken,105348389,,XBTUSD,buy,68576.80000,0.00073989,2026-08-19T16:15:36.605659+00:00
kraken,105348390,,XBTUSD,buy,68576.80000,0.00072911,2026-08-19T16:15:36.605659+00:00
kraken,105348391,,XBTUSD,buy,68576.80000,0.00029164,2026-08-19T16:15:36.605659+00:00
kraken,105348392,,XBTUSD,buy,68580.00000,0.01268187,2026-08-19T16:15:36.632878+00:00
kraken,105348393,,XBTUSD,buy,68580.00000,0.04051186,2026-08-19T16:15:36.990299+00:00
kraken,105348394,,XBTUSD,buy,68580.00000,0.00072908,2026-08-19T16:15:36.990299+00:00
kraken,105348395,,XBTUSD,buy,68580.00000,0.00072908,2026-08-19T16:15:36.990299+00:00
kraken,105348396,,XBTUSD,sell,68583.20000,0.04390065,2026-08-19T16:15:37.054677+00:00
kraken,105348397,,XBTUSD,buy,68583.30000,0.00145800,2026-08-19T16:15:37.740810+00:00
kraken,105348398,,XBTUSD,buy,68583.30000,0.00072904,2026-08-19T16:15:37.740810+00:00
kraken,105348399,,XBTUSD,sell,68598.80000,0.00005000,2026-08-19T16:15:37.855437+00:00
kraken,105348400,,XBTUSD,buy,68598.90000,0.00145700,2026-08-19T16:15:38.776011+00:00
kraken,105348401,,XBTUSD,buy,68598.90000,0.00072888,2026-08-19T16:15:38.776011+00:00
kraken,105348402,,XBTUSD,buy,68600.00000,0.00056365,2026-08-19T16:15:38.776011+00:00
kraken,105348403,,XBTUSD,buy,68600.00000,0.05762656,2026-08-19T16:15:38.776011+00:00
kraken,105348404,,XBTUSD,buy,68602.80000,0.01250914,2026-08-19T16:15:38.776011+00:00
kraken,105348405,,XBTUSD,sell,68613.00000,0.01501118,2026-08-19T16:15:39.765290+00:00
kraken,105348406,,XBTUSD,sell,68613.00000,0.00003325,2026-08-19T16:15:40.111054+00:00
kraken,105348407,,XBTUSD,buy,68613.10000,0.02189451,2026-08-19T16:15:41.360170+00:00
kraken,105348408,,XBTUSD,buy,68613.10000,0.00072873,2026-08-19T16:15:41.360170+00:00
kraken,105348409,,XBTUSD,buy,68613.20000,0.00005100,2026-08-19T16:15:41.360170+00:00
kraken,105348410,,XBTUSD,sell,68614.40000,0.00048492,2026-08-19T16:15:41.957140+00:00
kraken,105348411,,XBTUSD,sell,68614.40000,0.02383639,2026-08-19T16:15:42.490545+00:00
kraken,105348412,,XBTUSD,buy,68614.50000,0.00145700,2026-08-19T16:15:42.497051+00:00
kraken,105348413,,XBTUSD,buy,68614.50000,0.00067315,2026-08-19T16:15:42.497051+00:00
kraken,105348414,,XBTUSD,buy,68614.50000,0.00001443,2026-08-19T16:15:42.527537+00:00
kraken,105348415,,XBTUSD,buy,68614.50000,0.00004115,2026-08-19T16:15:42.714723+00:00
kraken,105348416,,XBTUSD,buy,68616.70000,0.00005100,2026-08-19T16:15:42.714723+00:00
kraken,105348417,,XBTUSD,buy,68627.40000,0.07277003,2026-08-19T16:15:42.714723+00:00
kraken,105348418,,XBTUSD,buy,68627.40000,0.02722997,2026-08-19T16:15:43.038971+00:00
kraken,105348419,,XBTUSD,buy,68627.40000,0.00072871,2026-08-19T16:15:43.038971+00:00
kraken,105348420,,XBTUSD,buy,68627.40000,0.00100000,2026-08-19T16:15:43.038971+00:00
kraken,105348421,,XBTUSD,buy,68627.40000,0.00010000,2026-08-19T16:15:43.038971+00:00
kraken,105348422,,XBTUSD,buy,68630.10000,0.00145700,2026-08-19T16:15:43.038971+00:00
kraken,105348423,,XBTUSD,buy,68635.00000,0.08778865,2026-08-19T16:15:43.038971+00:00
kraken,105348424,,XBTUSD,buy,68639.50000,0.00019800,2026-08-19T16:15:43.038971+00:00
kraken,105348425,,XBTUSD,buy,68639.50000,0.00012200,2026-08-19T16:15:43.038971+00:00
kraken,105348426,,XBTUSD,buy,68642.30000,0.11000000,2026-08-19T16:15:43.038971+00:00
kraken,105348427,,XBTUSD,buy,68645.80000,0.00145600,2026-08-19T16:15:43.038971+00:00
kraken,105348428,,XBTUSD,buy,68647.20000,0.13109402,2026-08-19T16:15:43.038971+00:00
kraken,105348429,,XBTUSD,buy,68647.70000,0.40000000,2026-08-19T16:15:43.038971+00:00
kraken,105348430,,XBTUSD,buy,68648.90000,0.00364158,2026-08-19T16:15:43.038971+00:00
kraken,105348431,,XBTUSD,buy,68649.00000,0.14567389,2026-08-19T16:15:43.038971+00:00
kraken,105348432,,XBTUSD,buy,68650.00000,0.00291332,2026-08-19T16:15:43.038971+00:00
kraken,105348433,,XBTUSD,buy,68650.30000,0.04928696,2026-08-19T16:15:43.038971+00:00
kraken,105348434,,XBTUSD,buy,68650.40000,0.21851084,2026-08-19T16:15:43.038971+00:00
kraken,105348435,,XBTUSD,buy,68654.70000,0.02917497,2026-08-19T16:15:43.038971+00:00
kraken,105348436,,XBTUSD,buy,68656.30000,0.26773772,2026-08-19T16:15:43.038971+00:00
kraken,105348437,,XBTUSD,sell,68639.70000,0.00072845,2026-08-19T16:15:54.054535+00:00
kraken,105348438,,XBTUSD,sell,68639.70000,0.00100000,2026-08-19T16:15:54.054535+00:00
kraken,105348439,,XBTUSD,sell,68639.70000,0.00629518,2026-08-19T16:15:54.054535+00:00
kraken,105348440,,XBTUSD,buy,68639.80000,0.00041286,2026-08-19T16:15:54.886519+00:00
kraken,105348441,,XBTUSD,buy,68639.80000,0.00031558,2026-08-19T16:15:56.437048+00:00
kraken,105348442,,XBTUSD,buy,68639.80000,0.00010000,2026-08-19T16:15:56.437048+00:00
kraken,105348443,,XBTUSD,buy,68639.80000,0.00100000,2026-08-19T16:15:56.437048+00:00
kraken,105348444,,XBTUSD,buy,68639.80000,0.00100000,2026-08-19T16:15:56.437048+00:00
kraken,105348445,,XBTUSD,buy,68647.60000,0.00020000,2026-08-19T16:15:56.448629+00:00
kraken,105348446,,XBTUSD,buy,68647.60000,0.00072836,2026-08-19T16:15:58.013323+00:00
kraken,105348447,,XBTUSD,buy,68651.00000,0.00005100,2026-08-19T16:15:58.013323+00:00
kraken,105348448,,XBTUSD,buy,68653.40000,0.02054085,2026-08-19T16:15:58.013323+00:00
kraken,105348449,,XBTUSD,buy,68653.40000,0.00143591,2026-08-19T16:15:58.527147+00:00
kraken,105348450,,XBTUSD,buy,68653.40000,0.07282960,2026-08-19T16:15:59.512680+00:00
kraken,105348451,,XBTUSD,buy,68653.40000,0.00072830,2026-08-19T16:16:02.998559+00:00
kraken,105348452,,XBTUSD,buy,68653.40000,0.03267650,2026-08-19T16:16:02.998559+00:00
kraken,105348453,,XBTUSD,buy,68653.40000,0.03942480,2026-08-19T16:16:02.998559+00:00
kraken,105348454,,XBTUSD,buy,68653.40000,0.02530000,2026-08-19T16:16:03.215207+00:00
kraken,105348455,,XBTUSD,buy,68653.40000,0.54371895,2026-08-19T16:16:03.215208+00:00
kraken,105348456,,XBTUSD,buy,68653.40000,0.00024700,2026-08-19T16:16:03.215208+00:00
kraken,105348457,,XBTUSD,buy,68653.40000,0.16952102,2026-08-19T16:16:03.215208+00:00
kraken,105348458,,XBTUSD,buy,68653.40000,0.00609703,2026-08-19T16:16:05.441090+00:00
kraken,105348459,,XBTUSD,sell,68653.30000,0.00072830,2026-08-19T16:16:05.709543+00:00
kraken,105348460,,XBTUSD,sell,68653.30000,0.00100000,2026-08-19T16:16:05.709543+00:00
kraken,105348461,,XBTUSD,sell,68653.30000,0.00364148,2026-08-19T16:16:05.709543+00:00
kraken,105348462,,XBTUSD,sell,68651.10000,0.00005100,2026-08-19T16:16:05.709543+00:00
kraken,105348463,,XBTUSD,sell,68650.50000,0.00485244,2026-08-19T16:16:05.709543+00:00
kraken,105348464,,XBTUSD,sell,68647.70000,0.00005100,2026-08-19T16:16:05.709543+00:00
kraken,105348465,,XBTUSD,sell,68644.20000,0.00005100,2026-08-19T16:16:05.709543+00:00
kraken,105348466,,XBTUSD,sell,68644.20000,0.00034900,2026-08-19T16:16:05.709543+00:00
kraken,105348467,,XBTUSD,sell,68644.10000,0.45224200,2026-08-19T16:16:05.709543+00:00
kraken,105348468,,XBTUSD,sell,68641.10000,0.31343378,2026-08-19T16:16:05.709543+00:00
kraken,105348469,,XBTUSD,sell,68644.00000,0.00008876,2026-08-19T16:16:07.448141+00:00
kraken,105348470,,XBTUSD,sell,68644.00000,0.00036405,2026-08-19T16:16:09.085220+00:00
kraken,105348471,,XBTUSD,sell,68644.00000,0.00036435,2026-08-19T16:16:09.473497+00:00
kraken,105348472,,XBTUSD,sell,68644.00000,0.07800000,2026-08-19T16:16:09.473497+00:00
kraken,105348473,,XBTUSD,sell,68640.80000,0.00005100,2026-08-19T16:16:09.473497+00:00
kraken,105348474,,XBTUSD,sell,68639.70000,0.00263014,2026-08-19T16:16:12.589511+00:00
kraken,105348475,,XBTUSD,sell,68639.70000,0.00812356,2026-08-19T16:16:12.589511+00:00
kraken,105348476,,XBTUSD,sell,68639.70000,0.08447917,2026-08-19T16:16:12.605707+00:00
kraken,105348477,,XBTUSD,sell,68639.70000,0.00072845,2026-08-19T16:16:12.605707+00:00
kraken,105348478,,XBTUSD,buy,68630.20000,0.00072855,2026-08-19T16:16:15.790401+00:00
kraken,105348479,,XBTUSD,buy,68630.20000,0.00029300,2026-08-19T16:16:15.790401+00:00
kraken,105348480,,XBTUSD,buy,68630.20000,0.00100000,2026-08-19T16:16:15.790401+00:00
kraken,105348481,,XBTUSD,buy,68630.20000,0.00129834,2026-08-19T16:16:15.790401+00:00
kraken,105348482,,XBTUSD,sell,68630.10000,0.00017868,2026-08-19T16:16:18.032905+00:00
kraken,105348483,,XBTUSD,sell,68630.10000,0.00049999,2026-08-19T16:16:19.934185+00:00
kraken,105348484,,XBTUSD,buy,68630.20000,0.00072855,2026-08-19T16:16:20.292011+00:00
kraken,105348485,,XBTUSD,buy,68630.20000,0.00100000,2026-08-19T16:16:20.292011+00:00
kraken,105348486,,XBTUSD,buy,68630.20000,0.00010000,2026-08-19T16:16:20.292011+00:00
kraken,105348487,,XBTUSD,buy,68630.40000,0.00005100,2026-08-19T16:16:20.292011+00:00
kraken,105348488,,XBTUSD,buy,68630.90000,0.00016300,2026-08-19T16:16:20.292011+00:00
kraken,105348489,,XBTUSD,buy,68633.80000,0.00005100,2026-08-19T16:16:20.292011+00:00
kraken,105348490,,XBTUSD,buy,68637.30000,0.00005100,2026-08-19T16:16:20.292011+00:00
kraken,105348491,,XBTUSD,buy,68640.30000,0.01224816,2026-08-19T16:16:20.292011+00:00
kraken,105348492,,XBTUSD,sell,68648.30000,0.01478943,2026-08-19T16:16:20.762189+00:00
kraken,105348493,,XBTUSD,buy,68648.40000,0.00072835,2026-08-19T16:16:23.085503+00:00
kraken,105348494,,XBTUSD,buy,68648.40000,0.00100000,2026-08-19T16:16:23.085503+00:00
kraken,105348495,,XBTUSD,buy,68648.40000,0.00010000,2026-08-19T16:16:23.085503+00:00
kraken,105348496,,XBTUSD,buy,68651.20000,0.00072832,2026-08-19T16:16:25.822090+00:00
kraken,105348497,,XBTUSD,buy,68651.20000,0.00010000,2026-08-19T16:16:25.822090+00:00
kraken,105348498,,XBTUSD,buy,68651.20000,0.00099968,2026-08-19T16:16:25.822090+00:00
kraken,105348499,,XBTUSD,buy,68651.20000,0.00000032,2026-08-19T16:16:25.835638+00:00
kraken,105348500,,XBTUSD,buy,68652.30000,0.00072831,2026-08-19T16:16:26.648826+00:00
kraken,105348501,,XBTUSD,buy,68654.40000,0.00005100,2026-08-19T16:16:26.648826+00:00
kraken,105348502,,XBTUSD,buy,68657.90000,0.00005100,2026-08-19T16:16:26.648826+00:00
kraken,105348503,,XBTUSD,buy,68658.00000,0.00201278,2026-08-19T16:16:26.648826+00:00
kraken,105348504,,XBTUSD,buy,68658.00000,0.01237093,2026-08-19T16:16:26.768421+00:00
kraken,105348505,,XBTUSD,buy,68658.00000,0.00260000,2026-08-19T16:16:28.274245+00:00
kraken,105348506,,XBTUSD,sell,68657.90000,0.00679160,2026-08-19T16:16:28.946838+00:00
kraken,105348507,,XBTUSD,sell,68657.90000,0.00071031,2026-08-19T16:16:29.302350+00:00
kraken,105348508,,XBTUSD,buy,68658.00000,0.00061201,2026-08-19T16:16:30.785580+00:00
kraken,105348509,,XBTUSD,buy,68658.00000,0.00011624,2026-08-19T16:16:32.149094+00:00
kraken,105348510,,XBTUSD,buy,68658.00000,0.00018147,2026-08-19T16:16:32.149094+00:00
kraken,105348511,,XBTUSD,sell,68657.90000,0.00364500,2026-08-19T16:16:41.369905+00:00
kraken,105348512,,XBTUSD,buy,68658.00000,0.00081853,2026-08-19T16:16:43.131812+00:00
kraken,105348513,,XBTUSD,buy,68658.00000,0.00010000,2026-08-19T16:16:43.131812+00:00
kraken,105348514,,XBTUSD,buy,68658.00000,0.00072825,2026-08-19T16:16:43.131812+00:00
kraken,105348515,,XBTUSD,buy,68658.00000,0.05000000,2026-08-19T16:16:43.131812+00:00
kraken,105348516,,XBTUSD,buy,68658.00000,0.03772658,2026-08-19T16:16:43.131812+00:00
kraken,105348517,,XBTUSD,buy,68658.00000,0.05720000,2026-08-19T16:16:43.131812+00:00
kraken,105348518,,XBTUSD,buy,68658.00000,0.05318557,2026-08-19T16:16:43.131812+00:00
kraken,105348519,,XBTUSD,buy,68658.10000,0.12500000,2026-08-19T16:16:43.131812+00:00
kraken,105348520,,XBTUSD,buy,68659.00000,0.00200000,2026-08-19T16:16:43.131812+00:00
kraken,105348521,,XBTUSD,buy,68659.90000,0.72822803,2026-08-19T16:16:43.131812+00:00
kraken,105348522,,XBTUSD,buy,68661.40000,0.00145600,2026-08-19T16:16:43.131812+00:00
kraken,105348523,,XBTUSD,buy,68662.30000,0.14686511,2026-08-19T16:16:43.131812+00:00
kraken,105348524,,XBTUSD,buy,68664.70000,0.00005100,2026-08-19T16:16:43.131812+00:00
kraken,105348525,,XBTUSD,buy,68666.80000,0.00024400,2026-08-19T16:16:43.131812+00:00
kraken,105348526,,XBTUSD,buy,68666.80000,0.00032800,2026-08-19T16:16:43.131812+00:00
kraken,105348527,,XBTUSD,buy,68667.30000,0.24987628,2026-08-19T16:16:43.131812+00:00
kraken,105348528,,XBTUSD,buy,68658.00000,0.00036412,2026-08-19T16:16:43.457458+00:00
kraken,105348529,,XBTUSD,buy,68658.00000,0.00036413,2026-08-19T16:16:43.682626+00:00
kraken,105348530,,XBTUSD,buy,68658.00000,0.00306504,2026-08-19T16:16:43.682626+00:00
kraken,105348531,,XBTUSD,sell,68657.90000,0.00072825,2026-08-19T16:16:44.692777+00:00
kraken,105348532,,XBTUSD,sell,68657.90000,0.00100000,2026-08-19T16:16:44.692777+00:00
kraken,105348533,,XBTUSD,sell,68657.90000,0.01500000,2026-08-19T16:16:44.692777+00:00
kraken,105348534,,XBTUSD,sell,68657.90000,0.07800000,2026-08-19T16:16:44.692777+00:00
kraken,105348535,,XBTUSD,sell,68654.50000,0.00005100,2026-08-19T16:16:44.738110+00:00
kraken,105348536,,XBTUSD,sell,68651.10000,0.00005100,2026-08-19T16:16:44.741060+00:00
kraken,105348537,,XBTUSD,sell,68649.70000,0.00300000,2026-08-19T16:16:44.741060+00:00
kraken,105348538,,XBTUSD,sell,68649.30000,0.00052400,2026-08-19T16:16:44.741060+00:00
kraken,105348539,,XBTUSD,sell,68648.90000,0.00034900,2026-08-19T16:16:44.741060+00:00
kraken,105348540,,XBTUSD,sell,68648.30000,0.01296186,2026-08-19T16:16:44.741060+00:00
kraken,105348541,,XBTUSD,sell,68648.00000,0.40000000,2026-08-19T16:16:44.741060+00:00
kraken,105348542,,XBTUSD,sell,68647.70000,0.00005100,2026-08-19T16:16:44.741060+00:00
kraken,105348543,,XBTUSD,sell,68640.80000,0.00005100,2026-08-19T16:16:44.798121+00:00
kraken,105348544,,XBTUSD,buy,68630.20000,0.00100000,2026-08-19T16:16:46.655608+00:00
kraken,105348545,,XBTUSD,buy,68630.20000,0.00010000,2026-08-19T16:16:46.655608+00:00
kraken,105348546,,XBTUSD,buy,68630.20000,0.00100000,2026-08-19T16:16:46.655608+00:00
kraken,105348547,,XBTUSD,buy,68630.20000,0.00072855,2026-08-19T16:16:46.655608+00:00
kraken,105348548,,XBTUSD,buy,68636.60000,0.00036700,2026-08-19T16:16:46.655608+00:00
kraken,105348549,,XBTUSD,buy,68643.70000,0.00017613,2026-08-19T16:16:46.655608+00:00
kraken,105348550,,XBTUSD,buy,68643.80000,0.00501960,2026-08-19T16:16:46.655608+00:00
kraken,105348551,,XBTUSD,buy,68643.80000,0.00093720,2026-08-19T16:16:51.198378+00:00
kraken,105348552,,XBTUSD,sell,68643.70000,0.00025582,2026-08-19T16:16:57.824506+00:00
kraken,105348553,,XBTUSD,buy,68643.80000,0.00072840,2026-08-19T16:17:01.400124+00:00
kraken,105348554,,XBTUSD,buy,68643.80000,0.00010000,2026-08-19T16:17:01.400124+00:00
kraken,105348555,,XBTUSD,buy,68643.80000,0.00100000,2026-08-19T16:17:01.400124+00:00
kraken,105348556,,XBTUSD,buy,68644.10000,0.00005100,2026-08-19T16:17:01.400124+00:00
kraken,105348557,,XBTUSD,buy,68647.60000,0.00005100,2026-08-19T16:17:01.400124+00:00
kraken,105348558,,XBTUSD,buy,68651.00000,0.00005100,2026-08-19T16:17:01.400124+00:00
kraken,105348559,,XBTUSD,buy,68653.10000,0.12577884,2026-08-19T16:17:01.400124+00:00
kraken,105348560,,XBTUSD,buy,68654.40000,0.00005100,2026-08-19T16:17:01.400124+00:00
kraken,105348561,,XBTUSD,buy,68660.00000,0.00070803,2026-08-19T16:17:01.400124+00:00
kraken,105348562,,XBTUSD,buy,68662.60000,0.00017616,2026-08-19T16:17:01.400124+00:00
kraken,105348563,,XBTUSD,buy,68662.70000,0.00691898,2026-08-19T16:17:01.400124+00:00
kraken,105348564,,XBTUSD,sell,68664.70000,0.00007774,2026-08-19T16:17:04.110662+00:00
kraken,105348565,,XBTUSD,sell,68664.70000,0.00072818,2026-08-19T16:17:04.139909+00:00
kraken,105348566,,XBTUSD,sell,68664.70000,0.00100000,2026-08-19T16:17:04.139909+00:00
kraken,105348567,,XBTUSD,sell,68661.40000,0.00005100,2026-08-19T16:17:04.139909+00:00
kraken,105348568,,XBTUSD,sell,68659.20000,0.04822082,2026-08-19T16:17:04.139909+00:00
kraken,105348569,,XBTUSD,buy,68659.30000,0.00072824,2026-08-19T16:17:06.667094+00:00
kraken,105348570,,XBTUSD,buy,68659.30000,0.00100000,2026-08-19T16:17:06.667094+00:00
kraken,105348571,,XBTUSD,buy,68661.30000,0.00005100,2026-08-19T16:17:06.667094+00:00
kraken,105348572,,XBTUSD,buy,68664.70000,0.00005100,2026-08-19T16:17:06.667094+00:00
kraken,105348573,,XBTUSD,buy,68664.80000,0.00100000,2026-08-19T16:17:06.667094+00:00
kraken,105348574,,XBTUSD,buy,68664.80000,0.00010000,2026-08-19T16:17:06.667094+00:00
kraken,105348575,,XBTUSD,buy,68664.90000,0.00440530,2026-08-19T16:17:06.667094+00:00
kraken,105348576,,XBTUSD,sell,68664.80000,0.00006056,2026-08-19T16:17:07.705326+00:00
kraken,105348577,,XBTUSD,sell,68664.80000,0.04993944,2026-08-19T16:17:07.705326+00:00
kraken,105348578,,XBTUSD,sell,68664.80000,0.05000000,2026-08-19T16:17:07.705326+00:00
kraken,105348579,,XBTUSD,sell,68664.80000,0.01500000,2026-08-19T16:17:07.909662+00:00
kraken,105348580,,XBTUSD,buy,68664.90000,0.00282505,2026-08-19T16:17:08.444346+00:00
kraken,105348581,,XBTUSD,buy,68664.90000,0.00006771,2026-08-19T16:17:14.416009+00:00
kraken,105348582,,XBTUSD,buy,68664.90000,0.00918926,2026-08-19T16:17:16.873062+00:00
kraken,105348583,,XBTUSD,sell,68664.80000,0.01865639,2026-08-19T16:17:18.912597+00:00
kraken,105348584,,XBTUSD,buy,68664.90000,0.00072818,2026-08-19T16:17:20.321289+00:00
kraken,105348585,,XBTUSD,buy,68664.90000,0.00010000,2026-08-19T16:17:20.321289+00:00
kraken,105348586,,XBTUSD,buy,68664.90000,0.00100000,2026-08-19T16:17:20.321289+00:00
kraken,105348587,,XBTUSD,buy,68668.20000,0.00005100,2026-08-19T16:17:20.321289+00:00
kraken,105348588,,XBTUSD,buy,68671.60000,0.00005100,2026-08-19T16:17:20.321289+00:00
kraken,105348589,,XBTUSD,buy,68674.50000,0.74674326,2026-08-19T16:17:20.321289+00:00
kraken,105348590,,XBTUSD,buy,68674.50000,0.19748688,2026-08-19T16:17:20.322768+00:00
kraken,105348591,,XBTUSD,buy,68674.50000,0.59958346,2026-08-19T16:17:20.322848+00:00
kraken,105348592,,XBTUSD,buy,68674.50000,0.22877573,2026-08-19T16:17:20.322904+00:00
kraken,105348593,,XBTUSD,buy,68674.50000,0.12214037,2026-08-19T16:17:20.322981+00:00
kraken,105348594,,XBTUSD,sell,68674.40000,0.00006069,2026-08-19T16:17:20.751697+00:00
kraken,105348595,,XBTUSD,sell,68674.40000,0.39338044,2026-08-19T16:17:20.751697+00:00
kraken,105348596,,XBTUSD,sell,68674.40000,0.00655887,2026-08-19T16:17:20.751697+00:00
kraken,105348597,,XBTUSD,buy,68674.50000,1.45499344,2026-08-19T16:17:23.099059+00:00
kraken,105348598,,XBTUSD,sell,68674.40000,0.00024113,2026-08-19T16:17:23.835506+00:00
kraken,105348599,,XBTUSD,sell,68674.40000,0.00006873,2026-08-19T16:17:23.835506+00:00
kraken,105348600,,XBTUSD,buy,68674.50000,0.00349769,2026-08-19T16:17:24.628230+00:00
kraken,105348601,,XBTUSD,sell,68674.40000,0.00071077,2026-08-19T16:17:27.514302+00:00
kraken,105348602,,XBTUSD,buy,68674.50000,0.00026992,2026-08-19T16:17:30.166186+00:00
kraken,105348603,,XBTUSD,sell,68674.40000,0.00072050,2026-08-19T16:17:32.384248+00:00
kraken,105348604,,XBTUSD,sell,68674.40000,0.04317524,2026-08-19T16:17:32.384248+00:00
kraken,105348605,,XBTUSD,sell,68674.40000,0.14561467,2026-08-19T16:17:33.083155+00:00
kraken,105348606,,XBTUSD,sell,68674.40000,0.00035565,2026-08-19T16:17:34.464322+00:00
kraken,105348607,,XBTUSD,buy,68674.50000,0.64445363,2026-08-19T16:17:35.711830+00:00
kraken,105348608,,XBTUSD,buy,68674.50000,0.00072808,2026-08-19T16:17:35.711830+00:00
kraken,105348609,,XBTUSD,buy,68674.50000,0.00100000,2026-08-19T16:17:35.711830+00:00
kraken,105348610,,XBTUSD,buy,68674.50000,0.00010000,2026-08-19T16:17:35.711830+00:00
kraken,105348611,,XBTUSD,sell,68676.90000,0.00001493,2026-08-19T16:17:38.171175+00:00
kraken,105348612,,XBTUSD,buy,68677.00000,0.00145600,2026-08-19T16:17:38.548636+00:00
kraken,105348613,,XBTUSD,buy,68677.00000,0.00072805,2026-08-19T16:17:38.548636+00:00
kraken,105348614,,XBTUSD,buy,68677.00000,0.00010000,2026-08-19T16:17:38.548636+00:00
kraken,105348615,,XBTUSD,buy,68677.00000,0.00100000,2026-08-19T16:17:38.548636+00:00
kraken,105348616,,XBTUSD,buy,68678.50000,0.00005100,2026-08-19T16:17:38.548636+00:00
kraken,105348617,,XBTUSD,buy,68681.90000,0.00005100,2026-08-19T16:17:38.548636+00:00
kraken,105348618,,XBTUSD,buy,68685.10000,0.00378808,2026-08-19T16:17:38.548636+00:00
kraken,105348619,,XBTUSD,buy,68685.10000,0.00142410,2026-08-19T16:17:38.555223+00:00
kraken,105348620,,XBTUSD,buy,68688.60000,0.00014346,2026-08-19T16:17:40.444884+00:00
kraken,105348621,,XBTUSD,buy,68688.60000,0.00058447,2026-08-19T16:17:43.110427+00:00
kraken,105348622,,XBTUSD,buy,68688.60000,0.00010000,2026-08-19T16:17:43.110427+00:00
kraken,105348623,,XBTUSD,buy,68688.60000,0.00100000,2026-08-19T16:17:43.110427+00:00
kraken,105348624,,XBTUSD,buy,68688.60000,0.06500000,2026-08-19T16:17:43.110427+00:00
kraken,105348625,,XBTUSD,buy,68692.60000,0.00064300,2026-08-19T16:17:44.592443+00:00
kraken,105348626,,XBTUSD,buy,68692.60000,0.00081200,2026-08-19T16:17:46.239061+00:00
kraken,105348627,,XBTUSD,buy,68692.60000,0.00064449,2026-08-19T16:17:46.239061+00:00
kraken,105348628,,XBTUSD,sell,68692.50000,0.00072789,2026-08-19T16:17:48.030849+00:00
kraken,105348629,,XBTUSD,sell,68692.50000,0.00100000,2026-08-19T16:17:48.030849+00:00
kraken,105348630,,XBTUSD,sell,68692.50000,0.07800000,2026-08-19T16:17:48.030849+00:00
kraken,105348631,,XBTUSD,sell,68677.80000,0.06000000,2026-08-19T16:17:48.289888+00:00
kraken,105348632,,XBTUSD,sell,68661.40000,0.00145600,2026-08-19T16:17:48.766224+00:00
kraken,105348633,,XBTUSD,sell,68661.40000,0.00072822,2026-08-19T16:17:48.766224+00:00
kraken,105348634,,XBTUSD,sell,68661.40000,0.00072822,2026-08-19T16:17:48.766224+00:00
kraken,105348635,,XBTUSD,sell,68645.80000,0.00145600,2026-08-19T16:17:48.872010+00:00
kraken,105348636,,XBTUSD,sell,68640.00000,0.08762258,2026-08-19T16:17:48.872010+00:00
kraken,105348637,,XBTUSD,sell,68640.00000,0.05806506,2026-08-19T16:17:48.888560+00:00
kraken,105348638,,XBTUSD,sell,68632.50000,0.01200000,2026-08-19T16:17:48.888560+00:00
kraken,105348639,,XBTUSD,sell,68632.10000,0.00115000,2026-08-19T16:17:48.888560+00:00
kraken,105348640,,XBTUSD,sell,68630.10000,0.00077833,2026-08-19T16:17:48.888560+00:00
kraken,105348641,,XBTUSD,sell,68626.00000,0.00145717,2026-08-19T16:17:48.888560+00:00
kraken,105348642,,XBTUSD,sell,68623.70000,0.00050000,2026-08-19T16:17:48.888560+00:00
kraken,105348643,,XBTUSD,sell,68627.00000,0.00072800,2026-08-19T16:17:51.416130+00:00
kraken,105348644,,XBTUSD,buy,68627.10000,0.00021749,2026-08-19T16:17:53.171174+00:00
kraken,105348645,,XBTUSD,buy,68627.10000,0.00051109,2026-08-19T16:17:54.749012+00:00
kraken,105348646,,XBTUSD,buy,68627.10000,0.00054069,2026-08-19T16:17:54.749012+00:00
kraken,105348647,,XBTUSD,sell,68627.00000,0.00000058,2026-08-19T16:17:56.743532+00:00
kraken,105348648,,XBTUSD,sell,68627.00000,0.00040855,2026-08-19T16:17:56.743532+00:00
kraken,105348649,,XBTUSD,buy,68627.10000,0.00014272,2026-08-19T16:17:58.557784+00:00
kraken,105348650,,XBTUSD,sell,68627.00000,0.00079990,2026-08-19T16:18:00.085910+00:00
kraken,105348651,,XBTUSD,buy,68627.10000,0.00031659,2026-08-19T16:18:00.305842+00:00
kraken,105348652,,XBTUSD,buy,68627.10000,0.00010000,2026-08-19T16:18:00.305842+00:00
kraken,105348653,,XBTUSD,buy,68627.10000,0.00100000,2026-08-19T16:18:00.305842+00:00
kraken,105348654,,XBTUSD,buy,68627.10000,0.00072858,2026-08-19T16:18:00.305842+00:00
kraken,105348655,,XBTUSD,buy,68627.10000,0.04046222,2026-08-19T16:18:00.305842+00:00
kraken,105348656,,XBTUSD,buy,68627.10000,0.00116666,2026-08-19T16:18:01.296904+00:00
kraken,105348657,,XBTUSD,buy,68627.10000,0.06837112,2026-08-19T16:18:03.136564+00:00
kraken,105348658,,XBTUSD,buy,68627.10000,0.00072858,2026-08-19T16:18:03.136564+00:00
kraken,105348659,,XBTUSD,buy,68627.10000,0.05314701,2026-08-19T16:18:03.136564+00:00
kraken,105348660,,XBTUSD,buy,68627.10000,0.00100000,2026-08-19T16:18:03.136564+00:00
kraken,105348661,,XBTUSD,buy,68627.10000,0.07210000,2026-08-19T16:18:03.136564+00:00
kraken,105348662,,XBTUSD,buy,68627.10000,0.00010000,2026-08-19T16:18:03.136564+00:00
kraken,105348663,,XBTUSD,buy,68629.50000,0.13305352,2026-08-19T16:18:03.136564+00:00
kraken,105348664,,XBTUSD,buy,68630.40000,0.00005100,2026-08-19T16:18:03.136564+00:00
kraken,105348665,,XBTUSD,buy,68632.00000,0.13109402,2026-08-19T16:18:03.136564+00:00
kraken,105348666,,XBTUSD,buy,68633.80000,0.00005100,2026-08-19T16:18:03.136564+00:00
kraken,105348667,,XBTUSD,buy,68636.50000,0.00019800,2026-08-19T16:18:03.136564+00:00
kraken,105348668,,XBTUSD,buy,68636.50000,0.00050100,2026-08-19T16:18:03.136564+00:00
kraken,105348669,,XBTUSD,buy,68637.30000,0.00005100,2026-08-19T16:18:03.136564+00:00
kraken,105348670,,XBTUSD,buy,68638.40000,0.40000000,2026-08-19T16:18:03.136564+00:00
kraken,105348671,,XBTUSD,buy,68640.30000,0.29900105,2026-08-19T16:18:03.136564+00:00
kraken,105348672,,XBTUSD,buy,68640.40000,0.22322100,2026-08-19T16:18:03.136564+00:00
kraken,105348673,,XBTUSD,buy,68638.00000,0.00028221,2026-08-19T16:18:03.851915+00:00
kraken,105348674,,XBTUSD,sell,68637.90000,0.00072846,2026-08-19T16:18:04.504061+00:00
kraken,105348675,,XBTUSD,sell,68637.40000,0.00005100,2026-08-19T16:18:04.504061+00:00
kraken,105348676,,XBTUSD,sell,68633.90000,0.00005100,2026-08-19T16:18:04.504061+00:00
kraken,105348677,,XBTUSD,sell,68632.00000,0.00689165,2026-08-19T16:18:04.504061+00:00
kraken,105348678,,XBTUSD,sell,68632.00000,0.04299770,2026-08-19T16:18:09.538330+00:00
kraken,105348679,,XBTUSD,buy,68632.10000,0.00072853,2026-08-19T16:18:11.148365+00:00
kraken,105348680,,XBTUSD,buy,68632.10000,0.00385761,2026-08-19T16:18:11.148365+00:00
kraken,105348681,,XBTUSD,sell,68632.00000,0.00154133,2026-08-19T16:18:13.934357+00:00
kraken,105348682,,XBTUSD,sell,68632.00000,0.00002341,2026-08-19T16:18:15.187219+00:00
kraken,105348683,,XBTUSD,buy,68632.10000,0.00016107,2026-08-19T16:18:15.571069+00:00
kraken,105348684,,XBTUSD,buy,68632.10000,0.00083893,2026-08-19T16:18:16.510111+00:00
kraken,105348685,,XBTUSD,buy,68632.10000,0.00010000,2026-08-19T16:18:16.510111+00:00
kraken,105348686,,XBTUSD,buy,68632.10000,0.00072853,2026-08-19T16:18:16.510111+00:00
kraken,105348687,,XBTUSD,buy,68632.10000,0.00610348,2026-08-19T16:18:16.510111+00:00
kraken,105348688,,XBTUSD,buy,68632.10000,0.00582818,2026-08-19T16:18:16.723141+00:00
kraken,105348689,,XBTUSD,buy,68632.10000,0.00069635,2026-08-19T16:18:18.480407+00:00
kraken,105348690,,XBTUSD,sell,68632.00000,0.00035792,2026-08-19T16:18:23.039534+00:00
kraken,105348691,,XBTUSD,buy,68632.10000,0.00003218,2026-08-19T16:18:23.142462+00:00
kraken,105348692,,XBTUSD,buy,68632.10000,0.00067829,2026-08-19T16:18:23.142462+00:00
kraken,105348693,,XBTUSD,buy,68632.10000,0.00032171,2026-08-19T16:18:23.142846+00:00
kraken,105348694,,XBTUSD,buy,68632.10000,0.00010000,2026-08-19T16:18:23.142846+00:00
kraken,105348695,,XBTUSD,buy,68637.00000,0.00072847,2026-08-19T16:18:25.790118+00:00
kraken,105348696,,XBTUSD,buy,68637.00000,0.00100000,2026-08-19T16:18:25.790118+00:00
kraken,105348697,,XBTUSD,buy,68637.00000,0.00010000,2026-08-19T16:18:25.790118+00:00
kraken,105348698,,XBTUSD,buy,68637.30000,0.00005100,2026-08-19T16:18:25.790118+00:00
kraken,105348699,,XBTUSD,buy,68640.70000,0.00005100,2026-08-19T16:18:25.790118+00:00
kraken,105348700,,XBTUSD,buy,68641.60000,0.00613461,2026-08-19T16:18:25.790118+00:00
kraken,105348701,,XBTUSD,buy,68645.80000,0.00016345,2026-08-19T16:18:26.587483+00:00
kraken,105348702,,XBTUSD,buy,68645.80000,0.00129255,2026-08-19T16:18:35.072266+00:00
kraken,105348703,,XBTUSD,buy,68645.80000,0.00072838,2026-08-19T16:18:35.072266+00:00
kraken,105348704,,XBTUSD,buy,68645.80000,0.00010000,2026-08-19T16:18:35.072266+00:00
kraken,105348705,,XBTUSD,buy,68645.80000,0.00100000,2026-08-19T16:18:35.072266+00:00
kraken,105348706,,XBTUSD,buy,68645.80000,0.00412438,2026-08-19T16:18:35.072266+00:00
kraken,105348707,,XBTUSD,sell,68645.70000,0.05089941,2026-08-19T16:18:37.101278+00:00
kraken,105348708,,XBTUSD,sell,68645.70000,0.00690059,2026-08-19T16:18:37.104369+00:00
kraken,105348709,,XBTUSD,sell,68645.70000,0.00072838,2026-08-19T16:18:37.104369+00:00
kraken,105348710,,XBTUSD,sell,68645.70000,0.00099903,2026-08-19T16:18:37.104369+00:00
kraken,105348711,,XBTUSD,buy,68645.80000,0.00694978,2026-08-19T16:18:37.109380+00:00
kraken,105348712,,XBTUSD,sell,68645.70000,0.00000097,2026-08-19T16:18:39.916065+00:00
kraken,105348713,,XBTUSD,sell,68645.70000,0.00072838,2026-08-19T16:18:39.916065+00:00
kraken,105348714,,XBTUSD,sell,68645.70000,0.00194326,2026-08-19T16:18:39.916065+00:00
kraken,105348715,,XBTUSD,buy,68645.80000,0.03972772,2026-08-19T16:18:43.164164+00:00
kraken,105348716,,XBTUSD,buy,68645.80000,0.00400000,2026-08-19T16:18:43.164164+00:00
kraken,105348717,,XBTUSD,buy,68645.80000,0.00072838,2026-08-19T16:18:43.164164+00:00
kraken,105348718,,XBTUSD,buy,68645.80000,0.00010000,2026-08-19T16:18:43.164164+00:00
kraken,105348719,,XBTUSD,buy,68645.80000,0.00100000,2026-08-19T16:18:43.164164+00:00
kraken,105348720,,XBTUSD,buy,68645.80000,0.03495934,2026-08-19T16:18:43.164164+00:00
kraken,105348721,,XBTUSD,buy,68645.80000,0.07800000,2026-08-19T16:18:43.164164+00:00
kraken,105348722,,XBTUSD,buy,68645.80000,0.01143366,2026-08-19T16:18:43.164164+00:00
kraken,105348723,,XBTUSD,buy,68645.80000,0.11000000,2026-08-19T16:18:43.164164+00:00
kraken,105348724,,XBTUSD,buy,68645.80000,0.00100000,2026-08-19T16:18:43.164164+00:00
kraken,105348725,,XBTUSD,buy,68645.80000,0.00029135,2026-08-19T16:18:43.164164+00:00
kraken,105348726,,XBTUSD,buy,68645.90000,0.72837604,2026-08-19T16:18:43.164164+00:00
kraken,105348727,,XBTUSD,buy,68647.10000,0.43251174,2026-08-19T16:18:43.164164+00:00
kraken,105348728,,XBTUSD,sell,68645.70000,0.00072838,2026-08-19T16:18:49.897874+00:00
kraken,105348729,,XBTUSD,sell,68645.70000,0.00180000,2026-08-19T16:18:49.897874+00:00
kraken,105348730,,XBTUSD,sell,68645.70000,0.00100000,2026-08-19T16:18:49.897874+00:00
kraken,105348731,,XBTUSD,sell,68644.20000,0.00005100,2026-08-19T16:18:49.897874+00:00
kraken,105348732,,XBTUSD,sell,68643.10000,0.00241175,2026-08-19T16:18:49.897874+00:00
kraken,105348733,,XBTUSD,sell,68641.50000,0.00364211,2026-08-19T16:18:49.897874+00:00
kraken,105348734,,XBTUSD,sell,68640.80000,0.00005100,2026-08-19T16:18:49.897874+00:00
kraken,105348735,,XBTUSD,sell,68637.40000,0.00005100,2026-08-19T16:18:49.897874+00:00
kraken,105348736,,XBTUSD,buy,68635.10000,0.00071228,2026-08-19T16:18:52.282022+00:00
kraken,105348737,,XBTUSD,buy,68635.10000,0.00029139,2026-08-19T16:19:03.137200+00:00
kraken,105348738,,XBTUSD,buy,68635.10000,0.00072849,2026-08-19T16:19:03.137200+00:00
kraken,105348739,,XBTUSD,buy,68635.10000,0.00100000,2026-08-19T16:19:03.137200+00:00
kraken,105348740,,XBTUSD,buy,68635.10000,0.00010000,2026-08-19T16:19:03.137200+00:00
kraken,105348741,,XBTUSD,buy,68635.10000,0.00100000,2026-08-19T16:19:03.137200+00:00
kraken,105348742,,XBTUSD,sell,68638.60000,0.00045088,2026-08-19T16:19:03.279856+00:00
kraken,105348743,,XBTUSD,buy,68638.70000,0.00009950,2026-08-19T16:19:03.836188+00:00
kraken,105348744,,XBTUSD,sell,68638.60000,0.00011988,2026-08-19T16:19:04.868400+00:00
kraken,105348745,,XBTUSD,sell,68638.60000,0.04660073,2026-08-19T16:19:08.921743+00:00
kraken,105348746,,XBTUSD,buy,68638.70000,0.00017140,2026-08-19T16:19:09.204066+00:00
kraken,105348747,,XBTUSD,sell,68638.60000,0.07390000,2026-08-19T16:19:10.538384+00:00
kraken,105348748,,XBTUSD,sell,68638.60000,0.00072846,2026-08-19T16:19:10.538384+00:00
kraken,105348749,,XBTUSD,sell,68638.60000,0.00100000,2026-08-19T16:19:10.538384+00:00
kraken,105348750,,XBTUSD,sell,68637.40000,0.00005100,2026-08-19T16:19:10.539786+00:00
kraken,105348751,,XBTUSD,buy,68635.10000,0.00254599,2026-08-19T16:19:10.643440+00:00
kraken,105348752,,XBTUSD,buy,68635.10000,0.00163943,2026-08-19T16:19:14.122545+00:00
kraken,105348753,,XBTUSD,sell,68635.00000,0.01456982,2026-08-19T16:19:14.157172+00:00
kraken,105348754,,XBTUSD,buy,68635.10000,0.00555284,2026-08-19T16:19:16.266693+00:00
kraken,105348755,,XBTUSD,buy,68635.10000,0.00072846,2026-08-19T16:19:18.763161+00:00
kraken,105348756,,XBTUSD,buy,68635.10000,0.00029139,2026-08-19T16:19:18.763161+00:00
kraken,105348757,,XBTUSD,buy,68635.10000,0.00100000,2026-08-19T16:19:18.763161+00:00
kraken,105348758,,XBTUSD,buy,68635.10000,0.00100000,2026-08-19T16:19:18.763161+00:00
kraken,105348759,,XBTUSD,buy,68635.10000,0.00010000,2026-08-19T16:19:18.763161+00:00
kraken,105348760,,XBTUSD,buy,68635.10000,0.40000000,2026-08-19T16:19:18.763161+00:00
kraken,105348761,,XBTUSD,buy,68642.20000,0.00008745,2026-08-19T16:19:18.996640+00:00
kraken,105348762,,XBTUSD,buy,68642.20000,0.00072842,2026-08-19T16:19:23.304216+00:00
kraken,105348763,,XBTUSD,buy,68642.20000,0.00029136,2026-08-19T16:19:23.304216+00:00
kraken,105348764,,XBTUSD,buy,68642.20000,0.00100000,2026-08-19T16:19:23.304216+00:00
kraken,105348765,,XBTUSD,buy,68642.20000,0.00010000,2026-08-19T16:19:23.304216+00:00
kraken,105348766,,XBTUSD,buy,68644.10000,0.00005100,2026-08-19T16:19:23.304216+00:00
kraken,105348767,,XBTUSD,buy,68647.60000,0.00005100,2026-08-19T16:19:23.304216+00:00
kraken,105348768,,XBTUSD,buy,68648.70000,0.10000000,2026-08-19T16:19:23.304216+00:00
kraken,105348769,,XBTUSD,buy,68650.60000,0.05080880,2026-08-19T16:19:23.304216+00:00
kraken,105348770,,XBTUSD,buy,68650.70000,0.05524861,2026-08-19T16:19:23.304216+00:00
kraken,105348771,,XBTUSD,buy,68651.00000,0.00005100,2026-08-19T16:19:23.304216+00:00
kraken,105348772,,XBTUSD,buy,68654.40000,0.00005100,2026-08-19T16:19:23.304216+00:00
kraken,105348773,,XBTUSD,buy,68660.10000,0.72822549,2026-08-19T16:19:23.304216+00:00
kraken,105348774,,XBTUSD,buy,68661.40000,0.00145600,2026-08-19T16:19:23.304216+00:00
kraken,105348775,,XBTUSD,buy,68661.50000,0.00222774,2026-08-19T16:19:23.304216+00:00
kraken,105348776,,XBTUSD,buy,68663.40000,0.49663174,2026-08-19T16:19:23.304216+00:00
kraken,105348777,,XBTUSD,sell,68663.20000,0.00077224,2026-08-19T16:19:25.623066+00:00
kraken,105348778,,XBTUSD,sell,68663.20000,0.00072820,2026-08-19T16:19:26.139777+00:00
kraken,105348779,,XBTUSD,sell,68663.20000,0.00100000,2026-08-19T16:19:26.139777+00:00
kraken,105348780,,XBTUSD,sell,68662.80000,0.06860000,2026-08-19T16:19:26.367531+00:00
kraken,105348781,,XBTUSD,sell,68662.80000,0.00072820,2026-08-19T16:19:26.367531+00:00
kraken,105348782,,XBTUSD,sell,68662.80000,0.00072820,2026-08-19T16:19:26.367531+00:00
kraken,105348783,,XBTUSD,sell,68657.40000,0.00059500,2026-08-19T16:19:27.668800+00:00
kraken,105348784,,XBTUSD,sell,68657.40000,0.00072826,2026-08-19T16:19:27.668800+00:00
kraken,105348785,,XBTUSD,sell,68657.40000,0.00042440,2026-08-19T16:19:27.668801+00:00
kraken,105348786,,XBTUSD,sell,68653.60000,0.00078694,2026-08-19T16:19:28.499263+00:00
kraken,105348787,,XBTUSD,sell,68653.60000,0.00072830,2026-08-19T16:19:29.199578+00:00
kraken,105348788,,XBTUSD,sell,68653.60000,0.03410000,2026-08-19T16:19:29.199578+00:00
kraken,105348789,,XBTUSD,sell,68653.60000,0.00730193,2026-08-19T16:19:29.199578+00:00
kraken,105348790,,XBTUSD,sell,68653.60000,0.03256845,2026-08-19T16:19:29.199578+00:00
kraken,105348791,,XBTUSD,sell,68653.60000,0.11000000,2026-08-19T16:19:29.199578+00:00
kraken,105348792,,XBTUSD,sell,68653.60000,0.38543018,2026-08-19T16:19:29.199578+00:00
kraken,105348793,,XBTUSD,sell,68653.60000,0.06960000,2026-08-19T16:19:29.199578+00:00
kraken,105348794,,XBTUSD,sell,68653.20000,0.46517500,2026-08-19T16:19:29.199578+00:00
kraken,105348795,,XBTUSD,sell,68653.00000,0.72829947,2026-08-19T16:19:29.199578+00:00
kraken,105348796,,XBTUSD,sell,68651.30000,0.00364159,2026-08-19T16:19:29.199578+00:00
kraken,105348797,,XBTUSD,sell,68651.10000,0.00005100,2026-08-19T16:19:29.199578+00:00
kraken,105348798,,XBTUSD,sell,68648.90000,0.00367930,2026-08-19T16:19:29.199578+00:00
kraken,105348799,,XBTUSD,sell,68647.70000,0.00005100,2026-08-19T16:19:29.199578+00:00
kraken,105348800,,XBTUSD,sell,68646.70000,0.06960000,2026-08-19T16:19:29.199578+00:00
kraken,105348801,,XBTUSD,sell,68645.80000,0.00145600,2026-08-19T16:19:29.199578+00:00
kraken,105348802,,XBTUSD,sell,68644.70000,0.08831778,2026-08-19T16:19:29.199578+00:00
kraken,105348803,,XBTUSD,buy,68653.70000,0.00072830,2026-08-19T16:19:37.399612+00:00
kraken,105348804,,XBTUSD,buy,68653.70000,0.00029131,2026-08-19T16:19:37.399612+00:00
kraken,105348805,,XBTUSD,buy,68653.70000,0.00100000,2026-08-19T16:19:37.399612+00:00
kraken,105348806,,XBTUSD,buy,68653.70000,0.00100000,2026-08-19T16:19:37.399612+00:00
kraken,105348807,,XBTUSD,buy,68653.70000,0.00010000,2026-08-19T16:19:37.399612+00:00
kraken,105348808,,XBTUSD,buy,68653.70000,0.00141469,2026-08-19T16:19:37.399612+00:00
kraken,105348809,,XBTUSD,buy,68654.40000,0.00005100,2026-08-19T16:19:37.399612+00:00
kraken,105348810,,XBTUSD,buy,68657.80000,0.06340061,2026-08-19T16:19:37.399612+00:00
kraken,105348811,,XBTUSD,buy,68664.60000,0.00059012,2026-08-19T16:19:37.812511+00:00
kraken,105348812,,XBTUSD,sell,68664.50000,0.00234836,2026-08-19T16:19:40.071133+00:00
kraken,105348813,,XBTUSD,buy,68664.60000,0.00029127,2026-08-19T16:19:40.697115+00:00
kraken,105348814,,XBTUSD,buy,68664.60000,0.00072818,2026-08-19T16:19:40.697115+00:00
kraken,105348815,,XBTUSD,buy,68664.60000,0.00010000,2026-08-19T16:19:40.697115+00:00
kraken,105348816,,XBTUSD,buy,68664.60000,0.00100000,2026-08-19T16:19:40.697115+00:00
kraken,105348817,,XBTUSD,buy,68664.70000,0.00005100,2026-08-19T16:19:40.697115+00:00
kraken,105348818,,XBTUSD,buy,68668.20000,0.00005100,2026-08-19T16:19:40.697115+00:00
kraken,105348819,,XBTUSD,buy,68671.60000,0.00005100,2026-08-19T16:19:40.697115+00:00
kraken,105348820,,XBTUSD,buy,68676.20000,0.00500847,2026-08-19T16:19:40.697115+00:00
